paper_rank,token,token_profile,network_window,period_set_id,period_id,period_label,period_sort_order,period_start_date,period_end_date,pair_id,focus_a_norm,focus_a_label,focus_b_norm,focus_b_label,candidate_scope,neighbor_scope,topn,pair_count_mode,comparison_type,comparison_id,robust_topn,robust_min_metrics,robust_score,robust_class,included_metrics,log_odds_z,log_likelihood,log_ratio,chi_square,tfidf,rank_positive,rank_log_likelihood,rank_log_ratio,rank_chi_square,rank_tfidf,count_period,count_ref,rate_period,rate_ref,edge_a,edge_b,shared_strength,period_keyness_log_odds_z,period_keyness_rank_positive,dominant_pos,dict_lv1,dict_lv2
1,籌備,full,10,long_period_manual,long_period_manual_p001,long_period_manual_p001,1,1905-07-12,1913-02-22,立憲-憲政,lixian,立憲,xianzheng,憲政,shared,top100,100,min,same_period_other_pairs,all_other,30,3,5,strong,log_odds_z;log_likelihood;log_ratio;chi_square;tfidf,13.919258273052852,549.1162201200789,9.699236227974623,425.1312664633297,0.09031203125523976,1,1,1,1,1,333.0,0.0,0.053339740509370494,0.0,333.0,907.0,0.010457885811192764,43.176316826648566,2.0,VC,nan,nan
2,前途,full,10,long_period_manual,long_period_manual_p001,long_period_manual_p001,1,1905-07-12,1913-02-22,立憲-憲政,lixian,立憲,xianzheng,憲政,shared,top100,100,min,same_period_other_pairs,all_other,30,3,5,strong,log_odds_z;log_likelihood;log_ratio;chi_square;tfidf,8.163102531925697,190.60606402341688,8.194210223355038,147.05046107238007,0.031731254224813966,3,2,2,4,5,117.0,0.0,0.01874098990869774,0.0,117.0,181.0,0.003674392312040701,10.37084291440744,188.0,Na,nan,nan
3,諮議局,full,10,long_period_manual,long_period_manual_p001,long_period_manual_p001,1,1905-07-12,1913-02-22,立憲-憲政,lixian,立憲,xianzheng,憲政,shared,top100,100,min,same_period_other_pairs,all_other,30,3,5,strong,log_odds_z;log_likelihood;log_ratio;chi_square;tfidf,7.876008058656914,177.4943008023791,8.09248033639121,136.91696722319656,0.02956159581627968,4,4,3,5,7,109.0,0.0,0.017459554701265416,0.0,150.0,109.0,0.004710759374411155,20.090356775314262,31.0,Nc,nan,nan
4,事宜,full,10,long_period_manual,long_period_manual_p001,long_period_manual_p001,1,1905-07-12,1913-02-22,立憲-憲政,lixian,立憲,xianzheng,憲政,shared,top100,100,min,same_period_other_pairs,all_other,30,3,5,strong,log_odds_z;log_likelihood;log_ratio;chi_square;tfidf,7.386752238980886,156.2125627644769,7.910150314058118,120.47486779679168,0.026035900902411462,5,6,4,7,9,96.0,0.0,0.015377222489187891,0.0,96.0,219.0,0.003014885999623139,30.659590196830894,6.0,Na,nan,nan
5,實行,full,10,long_period_manual,long_period_manual_p001,long_period_manual_p001,1,1905-07-12,1913-02-22,立憲-憲政,lixian,立憲,xianzheng,憲政,shared,top100,100,min,same_period_other_pairs,all_other,30,3,5,strong,log_odds_z;log_likelihood;log_ratio;chi_square;tfidf,11.12225013278937,153.9927430157074,1.8008282924522898,151.58647111563607,0.050296331891718726,2,7,22,3,2,314.0,112.0,0.050296331891718726,0.014394036756201002,550.0,314.0,0.015703925981495375,14.79983972672136,68.0,VC,nan,nan
6,地方自治,full,10,long_period_manual,long_period_manual_p001,long_period_manual_p001,1,1905-07-12,1913-02-22,立憲-憲政,lixian,立憲,xianzheng,憲政,shared,top100,100,min,same_period_other_pairs,all_other,30,3,5,strong,log_odds_z;log_likelihood;log_ratio;chi_square;tfidf,7.069524824383338,143.13138294014541,7.785298826873035,110.37189978838296,0.023866242493877175,6,8,5,8,11,88.0,0.0,0.014095787281755567,0.0,172.0,88.0,0.004401100275068767,20.185056453666768,30.0,Na,concept,institutional_principle
7,自治,full,10,long_period_manual,long_period_manual_p001,long_period_manual_p001,1,1905-07-12,1913-02-22,立憲-憲政,lixian,立憲,xianzheng,憲政,shared,top100,100,min,same_period_other_pairs,all_other,30,3,5,strong,log_odds_z;log_likelihood;log_ratio;chi_square;tfidf,6.988047999943441,139.8629030933405,7.752321504426762,107.84796991284277,0.0233238278917436,7,9,6,9,13,86.0,0.0,0.013775428479897486,0.0,139.0,86.0,0.004301075268817204,2.8147907610995,2329.0,VA,nan,nan
8,基礎,full,10,long_period_manual,long_period_manual_p001,long_period_manual_p001,1,1905-07-12,1913-02-22,立憲-憲政,lixian,立憲,xianzheng,憲政,shared,top100,100,min,same_period_other_pairs,all_other,30,3,5,strong,log_odds_z;log_likelihood;log_ratio;chi_square;tfidf,6.946963277661232,138.2289352025457,7.735545791675936,106.58627657955029,0.023052620590676816,8,10,7,10,14,85.0,0.0,0.013615249078968444,0.0,184.0,85.0,0.0042510627656914225,4.475295867191052,1080.0,Na,nan,nan
9,辦法,full,10,long_period_manual,long_period_manual_p001,long_period_manual_p001,1,1905-07-12,1913-02-22,立憲-憲政,lixian,立憲,xianzheng,憲政,shared,top100,100,min,same_period_other_pairs,all_other,30,3,5,strong,log_odds_z;log_likelihood;log_ratio;chi_square;tfidf,6.864080472151134,134.96154327389445,7.70139756926409,104.06343292709627,0.022510205988543246,9,11,8,11,15,83.0,0.0,0.013294890277110364,0.0,84.0,83.0,0.0026380252496702467,10.878041640829563,160.0,Na,nan,nan
10,地方,full,10,long_period_manual,long_period_manual_p001,long_period_manual_p001,1,1905-07-12,1913-02-22,立憲-憲政,lixian,立憲,xianzheng,憲政,shared,top100,100,min,same_period_other_pairs,all_other,30,3,5,strong,log_odds_z;log_likelihood;log_ratio;chi_square;tfidf,6.522365974593539,121.89922071239633,7.556098016115117,93.9792927961746,0.020340547580008955,10,13,9,12,21,75.0,0.0,0.012013455069678039,0.0,91.0,75.0,0.0028578606871427674,6.7748687462081625,494.0,Na,nan,nan
11,敎育,full,10,long_period_manual,long_period_manual_p001,long_period_manual_p001,1,1905-07-12,1913-02-22,立憲-憲政,lixian,立憲,xianzheng,憲政,shared,top100,100,min,same_period_other_pairs,all_other,30,3,5,strong,log_odds_z;log_likelihood;log_ratio;chi_square;tfidf,6.522365974593539,121.89922071239633,7.556098016115117,93.9792927961746,0.020340547580008955,11,14,10,13,22,75.0,0.0,0.012013455069678039,0.0,137.0,75.0,0.0037509377344336083,7.046205098382027,454.0,Na,nan,nan
12,諭旨,full,10,long_period_manual,long_period_manual_p001,long_period_manual_p001,1,1905-07-12,1913-02-22,立憲-憲政,lixian,立憲,xianzheng,憲政,shared,top100,100,min,same_period_other_pairs,all_other,30,3,5,strong,log_odds_z;log_likelihood;log_ratio;chi_square;tfidf,6.522365974593539,121.89922071239633,7.556098016115117,93.9792927961746,0.020340547580008955,12,15,11,14,23,75.0,0.0,0.012013455069678039,0.0,94.0,75.0,0.0029520758746309906,18.655010129376045,35.0,Na,nan,nan
13,官制,full,10,long_period_manual,long_period_manual_p001,long_period_manual_p001,1,1905-07-12,1913-02-22,立憲-憲政,lixian,立憲,xianzheng,憲政,shared,top100,100,min,same_period_other_pairs,all_other,30,3,5,strong,log_odds_z;log_likelihood;log_ratio;chi_square;tfidf,6.478423036660885,120.26724477303097,7.536861797252199,92.71958851691673,0.02006934027894217,13,16,12,15,25,74.0,0.0,0.011853275668748999,0.0,169.0,74.0,0.003700925231307827,28.888644826102524,8.0,Na,nan,nan
14,辦理,full,10,long_period_manual,long_period_manual_p001,long_period_manual_p001,1,1905-07-12,1913-02-22,立憲-憲政,lixian,立憲,xianzheng,憲政,shared,top100,100,min,same_period_other_pairs,all_other,30,3,5,strong,log_odds_z;log_likelihood;log_ratio;chi_square;tfidf,6.344820901619989,115.3724017807546,7.477564613568427,88.94155906274169,0.01925571837574181,14,17,13,16,27,71.0,0.0,0.011372737465961878,0.0,71.0,166.0,0.00222975943722128,30.41799547537565,7.0,VC,nan,nan
15,財政,full,10,long_period_manual,long_period_manual_p001,long_period_manual_p001,1,1905-07-12,1913-02-22,立憲-憲政,lixian,立憲,xianzheng,憲政,shared,top100,100,min,same_period_other_pairs,all_other,30,3,5,strong,log_odds_z;log_likelihood;log_ratio;chi_square;tfidf,6.299674847024702,113.74114891775838,7.457244629188831,87.68257690981679,0.018984511074675022,15,18,14,17,29,70.0,0.0,0.011212558065032836,0.0,70.0,85.0,0.0021983543747252057,12.213894978248256,124.0,Na,nan,nan
16,九,full,10,long_period_manual,long_period_manual_p001,long_period_manual_p001,1,1905-07-12,1913-02-22,立憲-憲政,lixian,立憲,xianzheng,憲政,shared,top100,100,min,same_period_other_pairs,all_other,30,3,5,strong,log_odds_z;log_likelihood;log_ratio;chi_square;tfidf,6.208424721508048,110.4791851400568,7.415725359750565,85.16515386886509,0.018442096472541452,16,19,15,18,30,68.0,0.0,0.010892199263174756,0.0,118.0,68.0,0.0034008502125531383,15.643155276320163,61.0,Neu,nan,nan
17,設立,full,10,long_period_manual,long_period_manual_p001,long_period_manual_p001,1,1905-07-12,1913-02-22,立憲-憲政,lixian,立憲,xianzheng,憲政,shared,top100,100,min,same_period_other_pairs,all_other,30,3,5,strong,log_odds_z;log_likelihood;log_ratio;chi_square;tfidf,6.208424721508048,110.4791851400568,7.415725359750565,85.16515386886509,0.018442096472541452,17,20,16,19,31,68.0,0.0,0.010892199263174756,0.0,68.0,90.0,0.002135544249733057,23.55965476747317,17.0,VC,nan,nan
18,學堂,full,10,long_period_manual,long_period_manual_p001,long_period_manual_p001,1,1905-07-12,1913-02-22,立憲-憲政,lixian,立憲,xianzheng,憲政,shared,top100,100,min,same_period_other_pairs,all_other,30,3,5,strong,log_odds_z;log_likelihood;log_ratio;chi_square;tfidf,5.477079665874385,86.03745736956594,7.059160263191185,66.30745518224273,0.014373986956539662,18,24,17,24,36,53.0,0.0,0.008489508249239148,0.0,76.0,53.0,0.0023867847497016518,15.703474266090776,56.0,Nc,nan,nan
19,心,full,10,long_period_manual,long_period_manual_p001,long_period_manual_p001,1,1905-07-12,1913-02-22,立憲-憲政,lixian,立憲,xianzheng,憲政,shared,top100,100,min,same_period_other_pairs,all_other,30,3,5,strong,log_odds_z;log_likelihood;log_ratio;chi_square;tfidf,5.477079665874385,86.03745736956594,7.059160263191185,66.30745518224273,0.014373986956539662,19,25,18,25,37,53.0,0.0,0.008489508249239148,0.0,80.0,53.0,0.0025124049996859492,13.82346741118866,78.0,Na,nan,nan
20,圖,full,10,long_period_manual,long_period_manual_p001,long_period_manual_p001,1,1905-07-12,1913-02-22,立憲-憲政,lixian,立憲,xianzheng,憲政,shared,top100,100,min,same_period_other_pairs,all_other,30,3,5,strong,log_odds_z;log_likelihood;log_ratio;chi_square;tfidf,5.424900252908704,84.40945000468244,7.031938794456161,65.05171492615675,0.014102779655472875,20,26,19,26,38,52.0,0.0,0.008329328848310107,0.0,74.0,52.0,0.0023239746247095032,7.005550793595626,459.0,Na,nan,nan
1,君主,full,10,long_period_manual,long_period_manual_p001,long_period_manual_p001,1,1905-07-12,1913-02-22,立憲-憲法,lixian,立憲,xianfa,憲法,shared,top100,100,min,same_period_other_pairs,all_other,30,3,5,strong,log_odds_z;log_likelihood;log_ratio;chi_square;tfidf,10.676694060935043,341.1262161589437,9.298485416062583,317.1774275378368,0.05587573198304139,2,1,1,1,3,149.0,0.0,0.03300110741971207,0.0,288.0,149.0,0.009044657998869417,22.30077624851656,23.0,Na,nan,nan
2,權,full,10,long_period_manual,long_period_manual_p001,long_period_manual_p001,1,1905-07-12,1913-02-22,立憲-憲法,lixian,立憲,xianfa,憲法,shared,top100,100,min,same_period_other_pairs,all_other,30,3,5,strong,log_odds_z;log_likelihood;log_ratio;chi_square;tfidf,8.853702113300901,235.0826319278492,8.767970699363802,218.53237570683424,0.038625506001699755,3,3,2,2,4,103.0,0.0,0.022812846068660023,0.0,103.0,105.0,0.00323472143709566,3.4743319855272023,1703.0,Nb,nan,nan
3,頒布,full,10,long_period_manual,long_period_manual_p001,long_period_manual_p001,1,1905-07-12,1913-02-22,立憲-憲法,lixian,立憲,xianfa,憲法,shared,top100,100,min,same_period_other_pairs,all_other,30,3,5,strong,log_odds_z;log_likelihood;log_ratio;chi_square;tfidf,8.270038361767233,205.2329326895761,8.574329628947682,190.7724684046814,0.03375044213740755,4,4,3,3,5,90.0,0.0,0.019933554817275746,0.0,90.0,150.0,0.002826455624646693,13.540192655634312,86.0,VC,nan,nan
4,議院,full,10,long_period_manual,long_period_manual_p001,long_period_manual_p001,1,1905-07-12,1913-02-22,立憲-憲法,lixian,立憲,xianfa,憲法,shared,top100,100,min,same_period_other_pairs,all_other,30,3,5,strong,log_odds_z;log_likelihood;log_ratio;chi_square;tfidf,8.034758168595786,193.76617014088976,8.492336256750376,180.10936848157496,0.031875417574218246,5,5,4,4,8,85.0,0.0,0.018826135105204873,0.0,85.0,125.0,0.0026694303121663214,24.912426891186268,13.0,Nc,nan,nan
5,問題,full,10,long_period_manual,long_period_manual_p001,long_period_manual_p001,1,1905-07-12,1913-02-22,立憲-憲法,lixian,立憲,xianfa,憲法,shared,top100,100,min,same_period_other_pairs,all_other,30,3,5,strong,log_odds_z;log_likelihood;log_ratio;chi_square;tfidf,7.743360977303404,180.01621758192022,8.387366697148833,167.32374200654604,0.02962538809839107,6,6,5,6,9,79.0,0.0,0.01749723145071982,0.0,91.0,79.0,0.0028578606871427674,-32.0330207042615,12138.0,Na,nan,nan
6,國,full,10,long_period_manual,long_period_manual_p001,long_period_manual_p001,1,1905-07-12,1913-02-22,立憲-憲法,lixian,立憲,xianfa,憲法,shared,top100,100,min,same_period_other_pairs,all_other,30,3,5,strong,log_odds_z;log_likelihood;log_ratio;chi_square;tfidf,12.364661984114312,161.4188437955617,1.1264783795027382,172.24658547446288,0.11251384274640089,1,7,12,5,1,508.0,490.0,0.11251384274640089,0.05153012935114103,930.0,508.0,0.02920670812134916,17.127745017184868,48.0,Nc,nan,nan
7,宣布,full,10,long_period_manual,long_period_manual_p001,long_period_manual_p001,1,1905-07-12,1913-02-22,立憲-憲法,lixian,立憲,xianfa,憲法,shared,top100,100,min,same_period_other_pairs,all_other,30,3,5,strong,log_odds_z;log_likelihood;log_ratio;chi_square;tfidf,6.3929326251563365,122.84365659274691,7.842668066641403,114.16851430569065,0.02025026528244453,7,8,6,8,19,54.0,0.0,0.011960132890365448,0.0,132.0,54.0,0.0041454682494818165,0.1977989593255777,5110.0,VE,nan,nan
8,制度,full,10,long_period_manual,long_period_manual_p001,long_period_manual_p001,1,1905-07-12,1913-02-22,立憲-憲法,lixian,立憲,xianfa,憲法,shared,top100,100,min,same_period_other_pairs,all_other,30,3,5,strong,log_odds_z;log_likelihood;log_ratio;chi_square;tfidf,6.272721408589893,118.2781099360419,7.7887292595306,109.92431361695071,0.019500255457168804,8,9,7,9,20,52.0,0.0,0.011517165005537098,0.0,119.0,52.0,0.00373720243703285,-5.210272283108653,11672.0,Na,nan,nan
9,政體,full,10,long_period_manual,long_period_manual_p001,long_period_manual_p001,1,1905-07-12,1913-02-22,立憲-憲法,lixian,立憲,xianfa,憲法,shared,top100,100,min,same_period_other_pairs,all_other,30,3,5,strong,log_odds_z;log_likelihood;log_ratio;chi_square;tfidf,5.897752866101171,104.58878673826142,7.613642552972508,97.19899877469214,0.017250225981341637,10,10,8,10,25,46.0,0.0,0.010188261351052049,0.0,450.0,46.0,0.003863598185788678,21.47000632973053,25.0,Na,nan,nan
10,精神,full,10,long_period_manual,long_period_manual_p001,long_period_manual_p001,1,1905-07-12,1913-02-22,立憲-憲法,lixian,立憲,xianfa,憲法,shared,top100,100,min,same_period_other_pairs,all_other,30,3,5,strong,log_odds_z;log_likelihood;log_ratio;chi_square;tfidf,5.56643899226953,93.18939048315853,7.449523173211402,86.6029119206529,0.015375201418152329,12,11,9,11,32,41.0,0.0,0.009080841638981174,0.0,106.0,41.0,0.003328936624583883,-7.876233425822347,11946.0,Na,nan,nan
11,共和,full,10,long_period_manual,long_period_manual_p001,long_period_manual_p001,1,1905-07-12,1913-02-22,立憲-憲法,lixian,立憲,xianfa,憲法,shared,top100,100,min,same_period_other_pairs,all_other,30,3,5,strong,log_odds_z;log_likelihood;log_ratio;chi_square;tfidf,5.141301942891945,79.52014587686325,7.2242308613691595,73.89760614790913,0.013125171942325159,13,15,10,12,39,35.0,0.0,0.007751937984496124,0.0,92.0,35.0,0.0028892657496388417,-3.367468527929677,11135.0,VH,nan,nan
12,制,full,10,long_period_manual,long_period_manual_p001,long_period_manual_p001,1,1905-07-12,1913-02-22,立憲-憲法,lixian,立憲,xianfa,憲法,shared,top100,100,min,same_period_other_pairs,all_other,30,3,5,strong,log_odds_z;log_likelihood;log_ratio;chi_square;tfidf,4.9916861810203885,74.96615963557322,7.140572932322249,69.66492583865613,0.012375162117049435,14,16,11,14,44,33.0,0.0,0.007308970099667774,0.0,91.0,33.0,0.0027717117419788343,8.190672901448563,304.0,Na,nan,nan
13,日本,full,10,long_period_manual,long_period_manual_p001,long_period_manual_p001,1,1905-07-12,1913-02-22,立憲-憲法,lixian,立憲,xianfa,憲法,shared,top100,100,min,same_period_other_pairs,all_other,30,3,5,strong,log_odds_z;log_likelihood;log_ratio;chi_square;tfidf,6.042610045102851,40.73375216571796,1.0648657393028802,43.53905462616236,0.03300110741971207,9,32,13,18,7,149.0,150.0,0.03300110741971207,0.015774529393206435,210.0,149.0,0.006595063124175617,8.444023579148562,287.0,Nc,nan,nan
14,國會,full,10,long_period_manual,long_period_manual_p001,long_period_manual_p001,1,1905-07-12,1913-02-22,立憲-憲法,lixian,立憲,xianfa,憲法,shared,top100,100,min,same_period_other_pairs,all_other,30,3,5,strong,log_odds_z;log_likelihood;log_ratio;chi_square;tfidf,5.80079342959319,36.41740517678613,0.6624905463970221,38.08754653782591,0.06555924695459579,11,36,16,23,2,296.0,394.0,0.06555924695459579,0.041434430539488906,333.0,296.0,0.010457885811192764,-18.384637625453102,12124.0,Nc,nan,nan
15,法,full,10,long_period_manual,long_period_manual_p001,long_period_manual_p001,1,1905-07-12,1913-02-22,立憲-憲法,lixian,立憲,xianfa,憲法,shared,top100,100,min,same_period_other_pairs,all_other,30,3,5,strong,log_odds_z;log_likelihood;log_ratio;chi_square;tfidf,4.136009512711145,19.193715704020462,0.9020165458597117,20.372644775705464,0.020819490586932447,15,43,14,39,17,94.0,106.0,0.020819490586932447,0.011147334104532548,94.0,111.0,0.0029520758746309906,0.1602527872751414,5220.0,Na,nan,nan
16,國家,full,10,long_period_manual,long_period_manual_p001,long_period_manual_p001,1,1905-07-12,1913-02-22,立憲-憲法,lixian,立憲,xianfa,憲法,shared,top100,100,min,same_period_other_pairs,all_other,30,3,5,strong,log_odds_z;log_likelihood;log_ratio;chi_square;tfidf,4.045653733076827,18.28203132407799,0.7684701363404883,19.265432396713962,0.026135105204872645,16,45,15,40,10,118.0,146.0,0.026135105204872645,0.015353875276054264,280.0,118.0,0.008793417498900823,-11.764087694448971,12057.0,Na,nan,nan
17,政治,full,10,long_period_manual,long_period_manual_p001,long_period_manual_p001,1,1905-07-12,1913-02-22,立憲-憲法,lixian,立憲,xianfa,憲法,shared,top100,100,min,same_period_other_pairs,all_other,30,3,5,strong,log_odds_z;log_likelihood;log_ratio;chi_square;tfidf,3.0348262920955196,10.338655527171056,0.6183512214882733,10.802045719039304,0.021926910299003323,17,48,17,48,14,99.0,136.0,0.021926910299003323,0.014302239983173835,212.0,99.0,0.006657873249167766,-10.03202632124816,12023.0,Na,nan,nan
18,國民,full,10,long_period_manual,long_period_manual_p001,long_period_manual_p001,1,1905-07-12,1913-02-22,立憲-憲法,lixian,立憲,xianfa,憲法,shared,top100,100,min,same_period_other_pairs,all_other,30,3,5,strong,log_odds_z;log_likelihood;log_ratio;chi_square;tfidf,2.7430850886515534,8.449748289596435,0.5276959441695491,8.778089545317405,0.023920265780730896,18,50,18,49,11,108.0,158.0,0.023920265780730896,0.01661583762751078,547.0,108.0,0.009071056610112548,6.671451028681945,513.0,Na,nan,nan
19,人民,full,10,long_period_manual,long_period_manual_p001,long_period_manual_p001,1,1905-07-12,1913-02-22,立憲-憲法,lixian,立憲,xianfa,憲法,shared,top100,100,min,same_period_other_pairs,all_other,30,3,5,strong,log_odds_z;log_likelihood;log_ratio;chi_square;tfidf,1.871171163198097,3.9324720215165527,0.29408294830924436,4.0201897115551,0.03322259136212625,19,54,22,54,6,150.0,258.0,0.03322259136212625,0.02713219055631507,393.0,150.0,0.012342189560957227,-4.050046147249842,11384.0,Na,nan,nan
20,法律,full,10,long_period_manual,long_period_manual_p001,long_period_manual_p001,1,1905-07-12,1913-02-22,立憲-憲法,lixian,立憲,xianfa,憲法,shared,top100,100,min,same_period_other_pairs,all_other,30,3,5,strong,log_odds_z;log_likelihood;log_ratio;chi_square;tfidf,1.805699250238915,3.6924437060881488,0.36871276930186503,3.795560422062751,0.020598006644518274,20,55,20,55,18,93.0,152.0,0.020598006644518274,0.015984856451782523,93.0,143.0,0.002920670812134916,-5.728261177659705,11757.0,Na,nan,nan
1,舊,full,10,long_period_manual,long_period_manual_p002,long_period_manual_p002,2,1913-02-23,1923-11-17,憲法-制憲,xianfa,憲法,zhixian,制憲,shared,top100,100,min,same_period_other_pairs,all_other,30,3,5,strong,log_odds_z;log_likelihood;log_ratio;chi_square;tfidf,8.136789902399704,177.14119672662477,7.823211932569538,114.56236448314515,0.05239656865814207,4,7,1,11,3,181.0,0.0,0.023258802364430738,0.0,181.0,181.0,0.0024530066271836503,20.243201686866875,24.0,VH,nan,nan
2,省議會,full,10,long_period_manual,long_period_manual_p002,long_period_manual_p002,2,1913-02-23,1923-11-17,憲法-制憲,xianfa,憲法,zhixian,制憲,shared,top100,100,min,same_period_other_pairs,all_other,30,3,5,strong,log_odds_z;log_likelihood;log_ratio;chi_square;tfidf,7.495223832703353,150.5066867152218,7.590849222478162,97.26212269606737,0.044580505930131936,5,11,2,15,6,154.0,0.0,0.019789257260344386,0.0,157.0,154.0,0.0021277460799327794,19.217149016461164,26.0,Nc,nan,nan
3,國會,full,10,long_period_manual,long_period_manual_p002,long_period_manual_p002,2,1913-02-23,1923-11-17,憲法-制憲,xianfa,憲法,zhixian,制憲,shared,top100,100,min,same_period_other_pairs,all_other,30,3,4,strong,log_odds_z;log_likelihood;chi_square;tfidf,10.733559796758593,137.26799056998766,1.0518446058596664,128.57472050091894,0.11629401182215368,1,12,42,10,1,905.0,272.0,0.11629401182215368,0.05602471678681771,2102.0,905.0,0.02848740293005543,54.3502740974383,1.0,Nc,nan,nan
4,議員,full,10,long_period_manual,long_period_manual_p002,long_period_manual_p002,2,1913-02-23,1923-11-17,憲法-制憲,xianfa,憲法,zhixian,制憲,shared,top100,100,min,same_period_other_pairs,all_other,30,3,4,strong,log_odds_z;log_likelihood;chi_square;tfidf,9.723311918682205,125.84057621262468,1.4971967537598398,113.38047159088708,0.06476484194294525,2,13,33,12,2,504.0,111.0,0.06476484194294525,0.02286302780638517,796.0,504.0,0.010787808150487212,44.50288974655549,3.0,Na,nan,nan
5,省,full,10,long_period_manual,long_period_manual_p002,long_period_manual_p002,2,1913-02-23,1923-11-17,憲法-制憲,xianfa,憲法,zhixian,制憲,shared,top100,100,min,same_period_other_pairs,all_other,30,3,5,strong,log_odds_z;log_likelihood;log_ratio;chi_square;tfidf,8.193337825468182,103.88118310122105,2.2483030965123048,87.58011915065643,0.049502068828071115,3,16,29,16,4,247.0,32.0,0.031739912618864045,0.006591143151390319,930.0,247.0,0.012603846205971242,7.329594854208183,263.0,Nc,nan,nan
6,約法,full,10,long_period_manual,long_period_manual_p002,long_period_manual_p002,2,1913-02-23,1923-11-17,憲法-制憲,xianfa,憲法,zhixian,制憲,shared,top100,100,min,same_period_other_pairs,all_other,30,3,5,strong,log_odds_z;log_likelihood;log_ratio;chi_square;tfidf,6.20343919015234,103.33973038071393,7.054095814799625,66.69021669231265,0.03068528330255834,9,17,3,18,12,106.0,0.0,0.013621177075301978,0.0,438.0,106.0,0.005936004987328391,25.226505600443563,15.0,Na,nan,nan
7,開會,full,10,long_period_manual,long_period_manual_p002,long_period_manual_p002,2,1913-02-23,1923-11-17,憲法-制憲,xianfa,憲法,zhixian,制憲,shared,top100,100,min,same_period_other_pairs,all_other,30,3,5,strong,log_odds_z;log_likelihood;log_ratio;chi_square;tfidf,6.144023034299421,101.37950426466864,7.02674532665467,65.42146917693701,0.03010631569307611,10,18,4,19,13,104.0,0.0,0.013364173734258545,0.0,295.0,104.0,0.003997994226625287,24.583771384288813,16.0,Nv,nan,nan
8,解決,full,10,long_period_manual,long_period_manual_p002,long_period_manual_p002,2,1913-02-23,1923-11-17,憲法-制憲,xianfa,憲法,zhixian,制憲,shared,top100,100,min,same_period_other_pairs,all_other,30,3,5,strong,log_odds_z;log_likelihood;log_ratio;chi_square;tfidf,5.647163049704576,85.71221154655797,6.786991744656785,55.28604795441909,0.025474574817218244,13,19,5,21,15,88.0,0.0,0.011308147005911076,0.0,306.0,88.0,0.004147071977448602,19.299159451665734,25.0,Nv,nan,nan
9,憲法會議,full,10,long_period_manual,long_period_manual_p002,long_period_manual_p002,2,1913-02-23,1923-11-17,憲法-制憲,xianfa,憲法,zhixian,制憲,shared,top100,100,min,same_period_other_pairs,all_other,30,3,5,strong,log_odds_z;log_likelihood;log_ratio;chi_square;tfidf,5.416013836661603,78.8658717720152,6.668114348804865,50.859923794292854,0.02344818818403043,15,20,6,24,20,81.0,0.0,0.01040863531225906,0.0,259.0,81.0,0.00351010340574898,42.471250358270574,4.0,Na,organization,conference
10,制定,full,10,long_period_manual,long_period_manual_p002,long_period_manual_p002,2,1913-02-23,1923-11-17,憲法-制憲,xianfa,憲法,zhixian,制憲,shared,top100,100,min,same_period_other_pairs,all_other,30,3,5,strong,log_odds_z;log_likelihood;log_ratio;chi_square;tfidf,5.2795384150418405,74.95588732138421,6.595510599848025,48.33292506429176,0.022290252965065968,16,22,7,26,21,77.0,0.0,0.009894628630172193,0.0,1135.0,77.0,0.004440343694135286,17.219368364993873,35.0,VC,nan,nan
11,公布,full,10,long_period_manual,long_period_manual_p002,long_period_manual_p002,2,1913-02-23,1923-11-17,憲法-制憲,xianfa,憲法,zhixian,制憲,shared,top100,100,min,same_period_other_pairs,all_other,30,3,5,strong,log_odds_z;log_likelihood;log_ratio;chi_square;tfidf,5.210002152230245,73.00149719637689,6.5577909338988665,47.070029185693855,0.021711285355583733,17,23,8,29,22,75.0,0.0,0.00963762528912876,0.0,485.0,75.0,0.004325010091690214,9.9198538790746,131.0,VE,nan,nan
12,選舉,full,10,long_period_manual,long_period_manual_p002,long_period_manual_p002,2,1913-02-23,1923-11-17,憲法-制憲,xianfa,憲法,zhixian,制憲,shared,top100,100,min,same_period_other_pairs,all_other,30,3,5,strong,log_odds_z;log_likelihood;log_ratio;chi_square;tfidf,6.557277195152102,71.77433347911239,2.626312126121903,58.48325861737815,0.02865909247940959,6,24,26,20,14,143.0,14.0,0.0183757388846055,0.002883625128733265,559.0,143.0,0.007575860246384864,7.273932557689193,269.0,Na,nan,nan
13,職權,full,10,long_period_manual,long_period_manual_p002,long_period_manual_p002,2,1913-02-23,1923-11-17,憲法-制憲,xianfa,憲法,zhixian,制憲,shared,top100,100,min,same_period_other_pairs,all_other,30,3,5,strong,log_odds_z;log_likelihood;log_ratio;chi_square;tfidf,5.103975164643858,70.07066416162706,6.4992952845887215,45.17643918547225,0.020842833941360384,18,25,9,31,24,72.0,0.0,0.009252120277563608,0.0,141.0,72.0,0.0019109057150988656,8.457054190494032,193.0,Na,nan,nan
14,提出,full,10,long_period_manual,long_period_manual_p002,long_period_manual_p002,2,1913-02-23,1923-11-17,憲法-制憲,xianfa,憲法,zhixian,制憲,shared,top100,100,min,same_period_other_pairs,all_other,30,3,5,strong,log_odds_z;log_likelihood;log_ratio;chi_square;tfidf,4.95918334592201,66.16428991912773,6.417418277534314,42.65305863726805,0.019684898722395917,19,26,10,34,25,68.0,0.0,0.008738113595476741,0.0,291.0,68.0,0.003921342483132461,15.268493816960293,44.0,VC,nan,nan
15,議長,full,10,long_period_manual,long_period_manual_p002,long_period_manual_p002,2,1913-02-23,1923-11-17,憲法-制憲,xianfa,憲法,zhixian,制憲,shared,top100,100,min,same_period_other_pairs,all_other,30,3,5,strong,log_odds_z;log_likelihood;log_ratio;chi_square;tfidf,4.95918334592201,66.16428991912773,6.417418277534314,42.65305863726805,0.019684898722395917,20,27,11,35,26,68.0,0.0,0.008738113595476741,0.0,142.0,68.0,0.0019244582379009854,21.73760027464352,22.0,Na,nan,nan
16,進行,full,10,long_period_manual,long_period_manual_p002,long_period_manual_p002,2,1913-02-23,1923-11-17,憲法-制憲,xianfa,憲法,zhixian,制憲,shared,top100,100,min,same_period_other_pairs,all_other,30,3,5,strong,log_odds_z;log_likelihood;log_ratio;chi_square;tfidf,6.485105013844024,65.66943002383087,2.251853036888322,55.22245682703935,0.03126446452299228,7,28,28,22,10,156.0,20.0,0.020046260601387818,0.004119464469618949,210.0,156.0,0.002846029788445119,9.47642561061659,153.0,VC,nan,nan
17,省長,full,10,long_period_manual,long_period_manual_p002,long_period_manual_p002,2,1913-02-23,1923-11-17,憲法-制憲,xianfa,憲法,zhixian,制憲,shared,top100,100,min,same_period_other_pairs,all_other,30,3,5,strong,log_odds_z;log_likelihood;log_ratio;chi_square;tfidf,4.695362817611544,59.33198985666852,6.261900699913027,38.241005199821736,0.0176585120892081,21,30,12,39,28,61.0,0.0,0.007838601901824723,0.0,226.0,61.0,0.003062870153279033,22.45483764023404,20.0,Na,nan,nan
18,規定,full,10,long_period_manual,long_period_manual_p002,long_period_manual_p002,2,1913-02-23,1923-11-17,憲法-制憲,xianfa,憲法,zhixian,制憲,shared,top100,100,min,same_period_other_pairs,all_other,30,3,5,strong,log_odds_z;log_likelihood;log_ratio;chi_square;tfidf,4.617288219199255,57.38080444481147,6.214203957881731,36.981320497387486,0.01707954447972587,22,31,13,40,29,59.0,0.0,0.0075815985607812905,0.0,1032.0,59.0,0.003402341272129635,3.027641244122956,1269.0,VE,nan,nan
19,兩院,full,10,long_period_manual,long_period_manual_p002,long_period_manual_p002,2,1913-02-23,1923-11-17,憲法-制憲,xianfa,憲法,zhixian,制憲,shared,top100,100,min,same_period_other_pairs,all_other,30,3,5,strong,log_odds_z;log_likelihood;log_ratio;chi_square;tfidf,5.938515633105729,56.935365001446904,2.4214071315142967,47.14437171672078,0.02485124103109643,11,32,27,28,18,124.0,14.0,0.01593420714469288,0.002883625128733265,238.0,124.0,0.0032255004269044684,30.55534837618837,6.0,Na,organization,administrative_body
20,手續,full,10,long_period_manual,long_period_manual_p002,long_period_manual_p002,2,1913-02-23,1923-11-17,憲法-制憲,xianfa,憲法,zhixian,制憲,shared,top100,100,min,same_period_other_pairs,all_other,30,3,5,strong,log_odds_z;log_likelihood;log_ratio;chi_square;tfidf,4.457135390880614,53.47963296123302,6.113802060923893,34.463152508544205,0.015921609260761405,23,33,14,41,31,55.0,0.0,0.0070675918786944235,0.0,148.0,55.0,0.002005773374713703,14.402868281033266,51.0,Na,nan,nan
1,黨,full,10,long_period_manual,long_period_manual_p002,long_period_manual_p002,2,1913-02-23,1923-11-17,立憲-憲政,lixian,立憲,xianzheng,憲政,shared,top100,100,min,same_period_other_pairs,all_other,30,3,5,strong,log_odds_z;log_likelihood;log_ratio;chi_square;tfidf,5.837875108608886,125.47978316905332,9.6371325716041,389.813165049362,0.07311904534529015,2,1,1,1,1,21.0,0.0,0.03245749613601236,0.0,21.0,29.0,0.007228915662650603,-12.096859930807923,12115.0,Na,nan,nan
2,內閣,full,10,long_period_manual,long_period_manual_p002,long_period_manual_p002,2,1913-02-23,1923-11-17,立憲-憲政,lixian,立憲,xianzheng,憲政,shared,top100,100,min,same_period_other_pairs,all_other,30,3,5,strong,log_odds_z;log_likelihood;log_ratio;chi_square;tfidf,6.918531212265698,65.1531052078472,3.022664081741382,130.26727493588916,0.07231603344368266,1,2,2,2,2,30.0,69.0,0.04636785162287481,0.0057547956630525435,30.0,39.0,0.010327022375215147,-3.84172655336534,11545.0,Na,nan,nan
3,精神,full,10,long_period_manual,long_period_manual_p002,long_period_manual_p002,2,1913-02-23,1923-11-17,立憲-憲政,lixian,立憲,xianzheng,憲政,shared,top100,100,min,same_period_other_pairs,all_other,30,3,5,strong,log_odds_z;log_likelihood;log_ratio;chi_square;tfidf,4.931159894669286,33.80293393521615,2.864417402880572,65.30089564030825,0.040979085618086844,3,3,3,3,13,17.0,44.0,0.02627511591962906,0.003669724770642202,27.0,17.0,0.00929432013769363,-5.31351981155284,11842.0,Na,nan,nan
4,政府,full,10,long_period_manual,long_period_manual_p002,long_period_manual_p002,2,1913-02-23,1923-11-17,立憲-憲政,lixian,立憲,xianzheng,憲政,shared,top100,100,min,same_period_other_pairs,all_other,30,3,5,strong,log_odds_z;log_likelihood;log_ratio;chi_square;tfidf,4.060504081657249,28.577267196660692,1.3633113606758867,38.40673604271668,0.0695517774343122,4,5,8,5,3,45.0,327.0,0.0695517774343122,0.02727272727272727,74.0,45.0,0.02547332185886403,-10.901517309816018,12101.0,Na,nan,nan
5,中國,full,10,long_period_manual,long_period_manual_p002,long_period_manual_p002,2,1913-02-23,1923-11-17,立憲-憲政,lixian,立憲,xianzheng,憲政,shared,top100,100,min,same_period_other_pairs,all_other,30,3,5,strong,log_odds_z;log_likelihood;log_ratio;chi_square;tfidf,3.9326491363444225,23.392510074672366,2.242118750886443,39.00560351239216,0.040979085618086844,5,6,5,4,12,17.0,68.0,0.02627511591962906,0.00567139282735613,51.0,17.0,0.014285714285714285,-4.842611203190631,11766.0,Nc,nan,nan
6,組織,full,10,long_period_manual,long_period_manual_p002,long_period_manual_p002,2,1913-02-23,1923-11-17,立憲-憲政,lixian,立憲,xianzheng,憲政,shared,top100,100,min,same_period_other_pairs,all_other,30,3,5,strong,log_odds_z;log_likelihood;log_ratio;chi_square;tfidf,3.2129545108464406,18.175602364187583,1.343943628611129,24.36670659909111,0.04636785162287481,6,10,9,6,9,30.0,222.0,0.04636785162287481,0.018515429524603836,30.0,30.0,0.010327022375215147,5.02845425823427,517.0,Na,nan,nan
7,民國,full,10,long_period_manual,long_period_manual_p002,long_period_manual_p002,2,1913-02-23,1923-11-17,立憲-憲政,lixian,立憲,xianzheng,憲政,shared,top100,100,min,same_period_other_pairs,all_other,30,3,5,strong,log_odds_z;log_likelihood;log_ratio;chi_square;tfidf,3.0113626082516545,12.859275899409997,2.7602064078924378,24.112154810523595,0.016873741136859285,7,18,4,7,24,7.0,20.0,0.010819165378670788,0.0016680567139282735,13.0,7.0,0.004475043029259896,20.667565653161027,23.0,Nd,nan,nan
8,國體,full,10,long_period_manual,long_period_manual_p002,long_period_manual_p002,2,1913-02-23,1923-11-17,立憲-憲政,lixian,立憲,xianzheng,憲政,shared,top100,100,min,same_period_other_pairs,all_other,30,3,5,strong,log_odds_z;log_likelihood;log_ratio;chi_square;tfidf,2.5674674081016264,11.290456199939872,1.5577338135392673,15.921053239351826,0.03615801672184133,8,21,6,8,16,15.0,97.0,0.023183925811437404,0.008090075062552127,82.0,15.0,0.012605042016806723,18.755379548386355,28.0,Na,nan,nan
9,議會,full,10,long_period_manual,long_period_manual_p002,long_period_manual_p002,2,1913-02-23,1923-11-17,立憲-憲政,lixian,立憲,xianzheng,憲政,shared,top100,100,min,same_period_other_pairs,all_other,30,3,5,strong,log_odds_z;log_likelihood;log_ratio;chi_square;tfidf,2.4507395652796076,10.604826413205732,1.391783602262292,14.373830536834044,0.02627511591962906,9,25,7,10,21,17.0,123.0,0.02627511591962906,0.010258548790658883,21.0,17.0,0.007228915662650603,-2.38529145687226,10736.0,Nc,nan,nan
10,實行,full,10,long_period_manual,long_period_manual_p002,long_period_manual_p002,2,1913-02-23,1923-11-17,立憲-憲政,lixian,立憲,xianzheng,憲政,shared,top100,100,min,same_period_other_pairs,all_other,30,3,5,strong,log_odds_z;log_likelihood;log_ratio;chi_square;tfidf,2.361221909626314,10.32790299614335,1.1147712273178594,13.11454551064284,0.03709428129829984,10,27,11,11,15,24.0,209.0,0.03709428129829984,0.01743119266055046,47.0,24.0,0.016179001721170396,-11.944218687432905,12114.0,VC,nan,nan
11,自治,full,10,long_period_manual,long_period_manual_p002,long_period_manual_p002,2,1913-02-23,1923-11-17,立憲-憲政,lixian,立憲,xianzheng,憲政,shared,top100,100,min,same_period_other_pairs,all_other,30,3,5,strong,log_odds_z;log_likelihood;log_ratio;chi_square;tfidf,2.3429603564306163,10.261197134433274,1.059205021852419,12.861225447524914,0.0401854714064915,11,28,12,12,14,26.0,235.0,0.0401854714064915,0.019599666388657216,36.0,26.0,0.012392426850258176,2.6514678278643142,1591.0,VA,nan,nan
12,共和,full,10,long_period_manual,long_period_manual_p002,long_period_manual_p002,2,1913-02-23,1923-11-17,立憲-憲政,lixian,立憲,xianzheng,憲政,shared,top100,100,min,same_period_other_pairs,all_other,30,3,5,strong,log_odds_z;log_likelihood;log_ratio;chi_square;tfidf,2.2655495689446914,9.515022528343117,1.1215203313067208,12.100242907623041,0.053031757858700616,12,31,10,13,6,22.0,191.0,0.03400309119010819,0.015929941618015014,169.0,22.0,0.018487394957983194,17.458455702653428,33.0,VH,nan,nan
13,不能,full,10,long_period_manual,long_period_manual_p002,long_period_manual_p002,2,1913-02-23,1923-11-17,立憲-憲政,lixian,立憲,xianzheng,憲政,shared,top100,100,min,same_period_other_pairs,all_other,30,3,5,strong,log_odds_z;log_likelihood;log_ratio;chi_square;tfidf,2.0352985277079476,8.06513537604443,0.8217246419183862,9.56769644834866,0.04945904173106646,13,37,15,17,7,32.0,340.0,0.04945904173106646,0.02835696413678065,85.0,32.0,0.02689075630252101,9.325634958310165,159.0,D,nan,nan
14,國,full,10,long_period_manual,long_period_manual_p002,long_period_manual_p002,2,1913-02-23,1923-11-17,立憲-憲政,lixian,立憲,xianzheng,憲政,shared,top100,100,min,same_period_other_pairs,all_other,30,3,5,strong,log_odds_z;log_likelihood;log_ratio;chi_square;tfidf,1.9114775525309358,7.233144194933832,0.7012213251521714,8.347992615731723,0.05873261205564142,14,43,16,21,5,38.0,438.0,0.05873261205564142,0.03653044203502919,174.0,38.0,0.031932773109243695,-7.070064097530191,12001.0,Nc,nan,nan
15,國家,full,10,long_period_manual,long_period_manual_p002,long_period_manual_p002,2,1913-02-23,1923-11-17,立憲-憲政,lixian,立憲,xianzheng,憲政,shared,top100,100,min,same_period_other_pairs,all_other,30,3,5,strong,log_odds_z;log_likelihood;log_ratio;chi_square;tfidf,1.4891881823754514,4.480409971026916,0.6635526030987152,5.129353486860517,0.04173106646058733,15,64,18,34,11,27.0,321.0,0.04173106646058733,0.02677231025854879,171.0,27.0,0.0226890756302521,0.1950884127310473,4810.0,Na,nan,nan
16,成立,full,10,long_period_manual,long_period_manual_p002,long_period_manual_p002,2,1913-02-23,1923-11-17,立憲-憲政,lixian,立憲,xianzheng,憲政,shared,top100,100,min,same_period_other_pairs,all_other,30,3,5,strong,log_odds_z;log_likelihood;log_ratio;chi_square;tfidf,1.4793363291479589,4.2222622178471525,0.9827617443711615,5.183269397911501,0.02009273570324575,16,65,13,33,22,13.0,126.0,0.02009273570324575,0.010508757297748124,13.0,19.0,0.004475043029259896,0.4540634102006015,4405.0,VC,nan,nan
17,人民,full,10,long_period_manual,long_period_manual_p002,long_period_manual_p002,2,1913-02-23,1923-11-17,立憲-憲政,lixian,立憲,xianzheng,憲政,shared,top100,100,min,same_period_other_pairs,all_other,30,3,5,strong,log_odds_z;log_likelihood;log_ratio;chi_square;tfidf,1.2035654328987377,2.9547167115352995,0.6754873450314071,3.3875923686701004,0.027820710973724884,17,67,17,51,20,18.0,214.0,0.027820710973724884,0.017848206839032526,50.0,18.0,0.015126050420168067,-11.907147779310987,12113.0,Na,nan,nan
18,國民,full,10,long_period_manual,long_period_manual_p002,long_period_manual_p002,2,1913-02-23,1923-11-17,立憲-憲政,lixian,立憲,xianzheng,憲政,shared,top100,100,min,same_period_other_pairs,all_other,30,3,5,strong,log_odds_z;log_likelihood;log_ratio;chi_square;tfidf,1.05346864199901,2.3304581298739286,0.4307192648092346,2.535830299134572,0.04945904173106646,18,69,19,63,8,32.0,446.0,0.04945904173106646,0.0371976647206005,57.0,32.0,0.019621342512908778,0.220435858315388,4800.0,Na,nan,nan
19,主張,full,10,long_period_manual,long_period_manual_p002,long_period_manual_p002,2,1913-02-23,1923-11-17,立憲-憲政,lixian,立憲,xianzheng,憲政,shared,top100,100,min,same_period_other_pairs,all_other,30,3,5,strong,log_odds_z;log_likelihood;log_ratio;chi_square;tfidf,0.8335790544106638,1.4838696257455126,0.3793590331356218,1.5966079718949682,0.04173106646058733,20,73,20,70,10,27.0,391.0,0.04173106646058733,0.03261050875729775,28.0,27.0,0.00963855421686747,33.742550301431635,5.0,VE,nan,nan
20,召集,full,10,long_period_manual,long_period_manual_p002,long_period_manual_p002,2,1913-02-23,1923-11-17,立憲-憲政,lixian,立憲,xianzheng,憲政,shared,top100,100,min,same_period_other_pairs,all_other,30,3,5,strong,log_odds_z;log_likelihood;log_ratio;chi_square;tfidf,0.848704436263681,1.4573967950694993,0.8231376636188944,1.7097962828426014,0.010819165378670788,19,74,14,69,28,7.0,78.0,0.010819165378670788,0.0065054211843202665,7.0,7.0,0.0024096385542168677,7.882014453301545,227.0,VC,nan,nan
1,實施,full,10,long_period_manual,long_period_manual_p005,long_period_manual_p005,5,1945-11-24,1949-05-26,憲政-憲法,xianzheng,憲政,xianfa,憲法,shared,top100,100,min,same_period_other_pairs,all_other,30,3,5,strong,log_odds_z;log_likelihood;log_ratio;chi_square;tfidf,12.962047168362895,268.14311510943764,2.814146720622207,233.99066605831587,0.1235241916074904,1,2,14,1,1,377.0,48.0,0.0792016806722689,0.01116019530341781,728.0,377.0,0.011142637583495891,45.87791027348946,2.0,VC,nan,nan
2,實行,full,10,long_period_manual,long_period_manual_p005,long_period_manual_p005,5,1945-11-24,1949-05-26,憲政-憲法,xianzheng,憲政,xianfa,憲法,shared,top100,100,min,same_period_other_pairs,all_other,30,3,5,strong,log_odds_z;log_likelihood;log_ratio;chi_square;tfidf,9.28897353260235,220.48200253469813,8.258868191733237,155.60583228905597,0.07998255077220949,2,3,1,3,2,169.0,0.0,0.03550420168067227,0.0,169.0,176.0,0.005201867943488798,0.23946644858483,3347.0,VC,nan,nan
3,政治,full,10,long_period_manual,long_period_manual_p005,long_period_manual_p005,5,1945-11-24,1949-05-26,憲政-憲法,xianzheng,憲政,xianfa,憲法,shared,top100,100,min,same_period_other_pairs,all_other,30,3,5,strong,log_odds_z;log_likelihood;log_ratio;chi_square;tfidf,7.7602563654652,98.60949511238775,2.7990914720200473,85.6765812270584,0.04652635333756933,4,6,15,6,9,142.0,18.0,0.029831932773109245,0.0041850732387816785,152.0,142.0,0.004196961636223916,10.61987514467341,175.0,Na,nan,nan
4,精神,full,10,long_period_manual,long_period_manual_p005,long_period_manual_p005,5,1945-11-24,1949-05-26,憲政-憲法,xianzheng,憲政,xianfa,憲法,shared,top100,100,min,same_period_other_pairs,all_other,30,3,5,strong,log_odds_z;log_likelihood;log_ratio;chi_square;tfidf,5.758160504536212,85.41007242036758,6.909009164098083,60.0732859525133,0.03123578905896939,6,7,2,10,14,66.0,0.0,0.013865546218487394,0.0,66.0,162.0,0.004788082993438553,15.165279787469233,77.0,Na,nan,nan
5,民主,full,10,long_period_manual,long_period_manual_p005,long_period_manual_p005,5,1945-11-24,1949-05-26,憲政-憲法,xianzheng,憲政,xianfa,憲法,shared,top100,100,min,same_period_other_pairs,all_other,30,3,5,strong,log_odds_z;log_likelihood;log_ratio;chi_square;tfidf,7.969162106092664,80.24332742768172,1.247943684291135,77.04162251907556,0.06974789915966387,3,8,19,7,3,332.0,126.0,0.06974789915966387,0.029295512671471752,496.0,332.0,0.00981261452976296,50.14332901875143,1.0,VH,nan,nan
6,統一,full,10,long_period_manual,long_period_manual_p005,long_period_manual_p005,5,1945-11-24,1949-05-26,憲政-憲法,xianzheng,憲政,xianfa,憲法,shared,top100,100,min,same_period_other_pairs,all_other,30,3,5,strong,log_odds_z;log_likelihood;log_ratio;chi_square;tfidf,5.533596396105932,78.90877997159595,6.796241233936133,55.49143373015873,0.02886944140298686,7,9,3,11,18,61.0,0.0,0.012815126050420168,0.0,61.0,84.0,0.002482709700301472,7.010169045792146,402.0,VHC,nan,nan
7,國家,full,10,long_period_manual,long_period_manual_p005,long_period_manual_p005,5,1945-11-24,1949-05-26,憲政-憲法,xianzheng,憲政,xianfa,憲法,shared,top100,100,min,same_period_other_pairs,all_other,30,3,5,strong,log_odds_z;log_likelihood;log_ratio;chi_square;tfidf,6.904032800027614,63.91412185054902,1.5458882886296508,60.294866576584695,0.06389182324525366,5,11,16,9,4,195.0,60.0,0.04096638655462185,0.013950244129272262,195.0,324.0,0.009576165986877105,14.706314422391062,93.0,Na,nan,nan
8,程序,full,10,long_period_manual,long_period_manual_p005,long_period_manual_p005,5,1945-11-24,1949-05-26,憲政-憲法,xianzheng,憲政,xianfa,憲法,shared,top100,100,min,same_period_other_pairs,all_other,30,3,5,strong,log_odds_z;log_likelihood;log_ratio;chi_square;tfidf,4.903697963302303,62.029196919234174,6.453639570784021,43.60240921843052,0.022716937497432286,9,12,4,12,24,48.0,0.0,0.010084033613445379,0.0,48.0,174.0,0.003947043828632514,20.32218768729153,33.0,Na,nan,nan
9,決議,full,10,long_period_manual,long_period_manual_p005,long_period_manual_p005,5,1945-11-24,1949-05-26,憲政-憲法,xianzheng,憲政,xianfa,憲法,shared,top100,100,min,same_period_other_pairs,all_other,30,3,5,strong,log_odds_z;log_likelihood;log_ratio;chi_square;tfidf,4.8519715999779285,60.732187115134174,6.423582336927841,42.68928928016736,0.022243667966235777,10,13,5,14,28,47.0,0.0,0.009873949579831932,0.0,47.0,115.0,0.003398947803984158,18.280924699851926,48.0,VE,nan,nan
10,希望,full,10,long_period_manual,long_period_manual_p005,long_period_manual_p005,5,1945-11-24,1949-05-26,憲政-憲法,xianzheng,憲政,xianfa,憲法,shared,top100,100,min,same_period_other_pairs,all_other,30,3,5,strong,log_odds_z;log_likelihood;log_ratio;chi_square;tfidf,4.4736606558098675,51.65878429610655,6.193576731481518,36.303118121209245,0.018930781247860236,11,15,6,17,34,40.0,0.0,0.008403361344537815,0.0,40.0,72.0,0.00212803688597269,11.379997357431645,156.0,Na,nan,nan
11,中央,full,10,long_period_manual,long_period_manual_p005,long_period_manual_p005,5,1945-11-24,1949-05-26,憲政-憲法,xianzheng,憲政,xianfa,憲法,shared,top100,100,min,same_period_other_pairs,all_other,30,3,5,strong,log_odds_z;log_likelihood;log_ratio;chi_square;tfidf,4.417042829944493,50.36339251103967,6.157507476773996,35.391616920543434,0.01845751171666373,12,16,7,18,36,39.0,0.0,0.00819327731092437,0.0,39.0,109.0,0.0032069731107639173,6.976382921400431,405.0,Nc,nan,nan
12,省,full,10,long_period_manual,long_period_manual_p005,long_period_manual_p005,5,1945-11-24,1949-05-26,憲政-憲法,xianzheng,憲政,xianfa,憲法,shared,top100,100,min,same_period_other_pairs,all_other,30,3,5,strong,log_odds_z;log_likelihood;log_ratio;chi_square;tfidf,4.417042829944493,50.36339251103967,6.157507476773996,35.391616920543434,0.01845751171666373,13,17,8,19,37,39.0,0.0,0.00819327731092437,0.0,39.0,143.0,0.0032069731107639173,-19.43908152074738,12136.0,Nc,nan,nan
13,敎育,full,10,long_period_manual,long_period_manual_p005,long_period_manual_p005,5,1945-11-24,1949-05-26,憲政-憲法,xianzheng,憲政,xianfa,憲法,shared,top100,100,min,same_period_other_pairs,all_other,30,3,5,strong,log_odds_z;log_likelihood;log_ratio;chi_square;tfidf,4.35970771682022,49.0682026846979,6.120513269291794,34.48031775937683,0.017984242185467222,15,18,9,20,39,38.0,0.0,0.007983193277310924,0.0,38.0,92.0,0.0027191582431873263,5.234953176130915,653.0,Na,nan,nan
14,委員,full,10,long_period_manual,long_period_manual_p005,long_period_manual_p005,5,1945-11-24,1949-05-26,憲政-憲法,xianzheng,憲政,xianfa,憲法,shared,top100,100,min,same_period_other_pairs,all_other,30,3,5,strong,log_odds_z;log_likelihood;log_ratio;chi_square;tfidf,4.1831017954909075,45.183844306707556,6.003473848101575,31.747631841347218,0.016564433591877707,16,19,10,23,43,35.0,0.0,0.007352941176470588,0.0,35.0,74.0,0.0021871490216941536,8.042879934038936,314.0,Na,nan,nan
15,保障,full,10,long_period_manual,long_period_manual_p005,long_period_manual_p005,5,1945-11-24,1949-05-26,憲政-憲法,xianzheng,憲政,xianfa,憲法,shared,top100,100,min,same_period_other_pairs,all_other,30,3,5,strong,log_odds_z;log_likelihood;log_ratio;chi_square;tfidf,4.122590111238527,43.88946166411603,5.962251185375062,30.837140166801184,0.0160911640606812,18,20,11,25,44,34.0,0.0,0.007142857142857143,0.0,34.0,139.0,0.002795822711948031,12.15960433687737,136.0,VC,nan,nan
16,主張,full,10,long_period_manual,long_period_manual_p005,long_period_manual_p005,5,1945-11-24,1949-05-26,憲政-憲法,xianzheng,憲政,xianfa,憲法,shared,top100,100,min,same_period_other_pairs,all_other,30,3,5,strong,log_odds_z;log_likelihood;log_ratio;chi_square;tfidf,4.061196103695511,42.59528065483616,5.919815919054665,29.92685019621495,0.015617894529484694,19,22,12,27,47,33.0,0.0,0.006932773109243697,0.0,33.0,116.0,0.0027135926321848534,-9.410919615348496,12114.0,VE,nan,nan
17,召集,full,10,long_period_manual,long_period_manual_p005,long_period_manual_p005,5,1945-11-24,1949-05-26,憲政-憲法,xianzheng,憲政,xianfa,憲法,shared,top100,100,min,same_period_other_pairs,all_other,30,3,5,strong,log_odds_z;log_likelihood;log_ratio;chi_square;tfidf,3.998879126102887,41.301301213883534,5.876094541625347,29.016761862569815,0.015144624998288189,21,23,13,28,50,32.0,0.0,0.0067226890756302525,0.0,32.0,79.0,0.0023349293609978127,-3.5624129394274333,11730.0,VC,nan,nan
18,中國,full,10,long_period_manual,long_period_manual_p005,long_period_manual_p005,5,1945-11-24,1949-05-26,憲政-憲法,xianzheng,憲政,xianfa,憲法,shared,top100,100,min,same_period_other_pairs,all_other,30,3,5,strong,log_odds_z;log_likelihood;log_ratio;chi_square;tfidf,5.2453138487108415,35.898526465817596,1.2802992582422148,34.35695930648205,0.04783695484003607,8,26,18,21,8,146.0,54.0,0.030672268907563024,0.012555219716345037,146.0,166.0,0.00490630726488148,9.272493522245323,238.0,Nc,nan,nan
19,準備,full,10,long_period_manual,long_period_manual_p005,long_period_manual_p005,5,1945-11-24,1949-05-26,憲政-憲法,xianzheng,憲政,xianfa,憲法,shared,top100,100,min,same_period_other_pairs,all_other,30,3,5,strong,log_odds_z;log_likelihood;log_ratio;chi_square;tfidf,4.401652867235371,25.567447632785097,1.3149538608958045,24.410672806672075,0.03276503756166855,14,33,17,32,12,100.0,36.0,0.02100840336134454,0.008370146477563357,134.0,100.0,0.002955606786073181,22.60230184695564,14.0,VF,nan,nan
20,人民,full,10,long_period_manual,long_period_manual_p005,long_period_manual_p005,5,1945-11-24,1949-05-26,憲政-憲法,xianzheng,憲政,xianfa,憲法,shared,top100,100,min,same_period_other_pairs,all_other,30,3,5,strong,log_odds_z;log_likelihood;log_ratio;chi_square;tfidf,4.164188191033652,21.68203368094433,0.9060212360391061,21.134861356697126,0.05045815784496956,17,38,22,38,7,154.0,74.0,0.03235294117647059,0.017205301092769125,154.0,442.0,0.012663432283529315,20.206353827702213,35.0,Na,nan,nan
1,議會,full,10,long_period_manual,long_period_manual_p005,long_period_manual_p005,5,1945-11-24,1949-05-26,憲法-制憲,xianfa,憲法,zhixian,制憲,shared,top100,100,min,same_period_other_pairs,all_other,30,3,5,strong,log_odds_z;log_likelihood;log_ratio;chi_square;tfidf,13.632827675641538,498.4746812128322,10.020315661996655,528.3914210704105,0.1735119102820566,1,1,1,1,1,180.0,0.0,0.07702182284980745,0.0,180.0,384.0,0.005320092214931725,16.351474722765566,64.0,Nc,nan,nan
2,印度,full,10,long_period_manual,long_period_manual_p005,long_period_manual_p005,5,1945-11-24,1949-05-26,憲法-制憲,xianfa,憲法,zhixian,制憲,shared,top100,100,min,same_period_other_pairs,all_other,30,3,5,strong,log_odds_z;log_likelihood;log_ratio;chi_square;tfidf,9.107651740785661,224.40539239974976,8.890782849355299,238.08443483137066,0.079044314684048,2,2,2,2,4,82.0,0.0,0.03508771929824561,0.0,82.0,105.0,0.002423597564580008,22.436936468347785,15.0,Nc,nan,nan
3,國大,full,10,long_period_manual,long_period_manual_p005,long_period_manual_p005,5,1945-11-24,1949-05-26,憲法-制憲,xianfa,憲法,zhixian,制憲,shared,top100,100,min,same_period_other_pairs,all_other,30,3,5,strong,log_odds_z;log_likelihood;log_ratio;chi_square;tfidf,9.037878645156349,98.35176726176924,1.6843689266398794,113.17770220921936,0.10143842523157222,3,6,12,3,2,152.0,136.0,0.06504065040650407,0.020226055919095775,261.0,152.0,0.007714133711651002,25.682882349887272,11.0,Nc,nan,nan
4,意見,full,10,long_period_manual,long_period_manual_p005,long_period_manual_p005,5,1945-11-24,1949-05-26,憲法-制憲,xianfa,憲法,zhixian,制憲,shared,top100,100,min,same_period_other_pairs,all_other,30,3,5,strong,log_odds_z;log_likelihood;log_ratio;chi_square;tfidf,5.921589884453362,95.24924399393811,7.674207754614165,101.09224423789365,0.03373842699928878,5,8,3,4,14,35.0,0.0,0.014976465554129225,0.0,160.0,35.0,0.004728970857717089,13.327122868017485,113.0,Na,nan,nan
5,表示,full,10,long_period_manual,long_period_manual_p005,long_period_manual_p005,5,1945-11-24,1949-05-26,憲法-制憲,xianfa,憲法,zhixian,制憲,shared,top100,100,min,same_period_other_pairs,all_other,30,3,5,strong,log_odds_z;log_likelihood;log_ratio;chi_square;tfidf,5.196752151242704,73.40862936425748,7.305820348634143,77.91638605035946,0.02602678654230849,6,9,4,7,23,27.0,0.0,0.011553273427471117,0.0,76.0,27.0,0.0022462611574156173,11.090894486500272,161.0,VE,nan,nan
6,提出,full,10,long_period_manual,long_period_manual_p005,long_period_manual_p005,5,1945-11-24,1949-05-26,憲法-制憲,xianfa,憲法,zhixian,制憲,shared,top100,100,min,same_period_other_pairs,all_other,30,3,5,strong,log_odds_z;log_likelihood;log_ratio;chi_square;tfidf,4.580307074620995,57.05524368811173,6.950725389811581,60.56141127154169,0.02024305619957327,7,10,5,8,28,21.0,0.0,0.008985879332477536,0.0,148.0,21.0,0.004374298043388307,7.6304145656509235,349.0,VC,nan,nan
7,機關,full,10,long_period_manual,long_period_manual_p005,long_period_manual_p005,5,1945-11-24,1949-05-26,憲法-制憲,xianfa,憲法,zhixian,制憲,shared,top100,100,min,same_period_other_pairs,all_other,30,3,5,strong,log_odds_z;log_likelihood;log_ratio;chi_square;tfidf,4.469467546212456,54.33192956013295,6.8820126397275665,57.671154991782075,0.019279101142450735,8,11,6,11,32,20.0,0.0,0.008557980316645272,0.0,76.0,20.0,0.0022462611574156173,-6.145964602804586,12047.0,Na,nan,nan
8,參加,full,10,long_period_manual,long_period_manual_p005,long_period_manual_p005,5,1945-11-24,1949-05-26,憲法-制憲,xianfa,憲法,zhixian,制憲,shared,top100,100,min,same_period_other_pairs,all_other,30,3,5,strong,log_odds_z;log_likelihood;log_ratio;chi_square;tfidf,6.635814156336439,53.163382909609794,1.4218257228996822,60.332387386084314,0.072074670559275,4,12,13,9,5,108.0,116.0,0.04621309370988447,0.017251635930993457,132.0,108.0,0.0039014009576165986,37.64511018955847,4.0,VC,nan,nan
9,美國,full,10,long_period_manual,long_period_manual_p005,long_period_manual_p005,5,1945-11-24,1949-05-26,憲法-制憲,xianfa,憲法,zhixian,制憲,shared,top100,100,min,same_period_other_pairs,all_other,30,3,5,strong,log_odds_z;log_likelihood;log_ratio;chi_square;tfidf,3.9959887883140226,43.44508927773383,6.568854754467937,46.11652071028871,0.015423280913960585,9,13,7,13,36,16.0,0.0,0.0068463842533162175,0.0,191.0,16.0,0.003902439024390244,10.33036854701307,188.0,Nc,nan,nan
10,職權,full,10,long_period_manual,long_period_manual_p005,long_period_manual_p005,5,1945-11-24,1949-05-26,憲法-制憲,xianfa,憲法,zhixian,制憲,shared,top100,100,min,same_period_other_pairs,all_other,30,3,5,strong,log_odds_z;log_likelihood;log_ratio;chi_square;tfidf,3.600838720206627,35.28668638286845,6.279348137272952,37.45724944545271,0.012531415742592976,11,16,8,14,44,13.0,0.0,0.005562687205819427,0.0,184.0,13.0,0.0031707317073170734,8.213736297373165,300.0,Na,nan,nan
11,反對,full,10,long_period_manual,long_period_manual_p005,long_period_manual_p005,5,1945-11-24,1949-05-26,憲法-制憲,xianfa,憲法,zhixian,制憲,shared,top100,100,min,same_period_other_pairs,all_other,30,3,5,strong,log_odds_z;log_likelihood;log_ratio;chi_square;tfidf,3.3116177896441723,29.850949406365036,6.048022591166496,31.687591354075796,0.010603505628347902,12,18,9,15,49,11.0,0.0,0.004706889174154899,0.0,82.0,11.0,0.002423597564580008,-4.979508834531289,11961.0,VE,nan,nan
12,法,full,10,long_period_manual,long_period_manual_p005,long_period_manual_p005,5,1945-11-24,1949-05-26,憲法-制憲,xianfa,憲法,zhixian,制憲,shared,top100,100,min,same_period_other_pairs,all_other,30,3,4,strong,log_odds_z;log_likelihood;log_ratio;chi_square,3.3116177896441723,29.850949406365036,6.048022591166496,31.687591354075796,0.010603505628347902,13,19,10,16,50,11.0,0.0,0.004706889174154899,0.0,80.0,11.0,0.0023644854288585445,-3.1640480884510693,11581.0,Na,nan,nan
13,起草,full,10,long_period_manual,long_period_manual_p005,long_period_manual_p005,5,1945-11-24,1949-05-26,憲法-制憲,xianfa,憲法,zhixian,制憲,shared,top100,100,min,same_period_other_pairs,all_other,30,3,4,strong,log_odds_z;log_likelihood;log_ratio;chi_square,3.3116177896441723,29.850949406365036,6.048022591166496,31.687591354075796,0.010603505628347902,14,20,11,17,51,11.0,0.0,0.004706889174154899,0.0,102.0,11.0,0.002682926829268293,-5.378815807383682,12005.0,Nv,nan,nan
14,代表,full,10,long_period_manual,long_period_manual_p005,long_period_manual_p005,5,1945-11-24,1949-05-26,憲法-制憲,xianfa,憲法,zhixian,制憲,shared,top100,100,min,same_period_other_pairs,all_other,30,3,5,strong,log_odds_z;log_likelihood;log_ratio;chi_square;tfidf,3.781554905474368,17.475077112077223,0.8495560090755284,18.99824561403509,0.05672543516239235,10,34,14,21,7,85.0,136.0,0.036371416345742404,0.020226055919095775,255.0,85.0,0.007536797304486611,21.028656676934997,27.0,Na,nan,nan
15,決定,full,10,long_period_manual,long_period_manual_p005,long_period_manual_p005,5,1945-11-24,1949-05-26,憲法-制憲,xianfa,憲法,zhixian,制憲,shared,top100,100,min,same_period_other_pairs,all_other,30,3,5,strong,log_odds_z;log_likelihood;log_ratio;chi_square;tfidf,2.6530933468082263,8.723084259696567,0.7817926815790935,9.433332415235116,0.03336790303670138,15,41,15,38,16,50.0,84.0,0.02139495079161318,0.012492563950029744,163.0,50.0,0.0048176390612992845,15.02314910873042,80.0,VE,nan,nan
16,國民大會,full,10,long_period_manual,long_period_manual_p005,long_period_manual_p005,5,1945-11-24,1949-05-26,憲法-制憲,xianfa,憲法,zhixian,制憲,shared,top100,100,min,same_period_other_pairs,all_other,30,3,5,strong,log_odds_z;log_likelihood;log_ratio;chi_square;tfidf,2.2916330849503574,6.486856176400657,0.40668283509250325,6.761419769738036,0.08008296728808333,16,45,25,42,3,120.0,261.0,0.051347881899871634,0.038816180844735274,495.0,120.0,0.014630253591062245,41.65190287949389,3.0,Nc,nan,nan
17,行憲,full,10,long_period_manual,long_period_manual_p005,long_period_manual_p005,5,1945-11-24,1949-05-26,憲法-制憲,xianfa,憲法,zhixian,制憲,shared,top100,100,min,same_period_other_pairs,all_other,30,3,5,strong,log_odds_z;log_likelihood;log_ratio;chi_square;tfidf,2.2539860681589357,6.331038444343733,0.510742353861703,6.671015180193726,0.05205392873725416,17,46,18,43,9,78.0,158.0,0.03337612323491656,0.023497917906008327,144.0,78.0,0.00425607377194538,26.39806415046915,10.0,VA,nan,nan
18,工作,full,10,long_period_manual,long_period_manual_p005,long_period_manual_p005,5,1945-11-24,1949-05-26,憲法-制憲,xianfa,憲法,zhixian,制憲,shared,top100,100,min,same_period_other_pairs,all_other,30,3,5,strong,log_odds_z;log_likelihood;log_ratio;chi_square;tfidf,2.073652517756425,5.359875593976604,0.4238966685421996,5.598372890167423,0.06206429964826458,18,47,24,44,6,93.0,200.0,0.03979460847240052,0.0297441998810232,107.0,93.0,0.0031624992610983036,29.41354006107847,6.0,Na,nan,nan
19,問題,full,10,long_period_manual,long_period_manual_p005,long_period_manual_p005,5,1945-11-24,1949-05-26,憲法-制憲,xianfa,憲法,zhixian,制憲,shared,top100,100,min,same_period_other_pairs,all_other,30,3,5,strong,log_odds_z;log_likelihood;log_ratio;chi_square;tfidf,1.8689941262686485,4.3872045905388966,0.4651264957270809,4.6027400914716745,0.04337827394771179,19,48,22,45,10,65.0,136.0,0.02781343602909713,0.020226055919095775,302.0,65.0,0.008925932493941005,1.3586841908469578,2286.0,Na,nan,nan
20,任務,full,10,long_period_manual,long_period_manual_p005,long_period_manual_p005,5,1945-11-24,1949-05-26,憲法-制憲,xianfa,憲法,zhixian,制憲,shared,top100,100,min,same_period_other_pairs,all_other,30,3,5,strong,log_odds_z;log_likelihood;log_ratio;chi_square;tfidf,1.7894099994888788,4.02947512265845,0.5320738192193585,4.25607413526342,0.0313658288544993,20,49,16,46,20,47.0,94.0,0.02011125374411639,0.013979773944080905,75.0,47.0,0.0022167050895548854,21.93153893691517,18.0,Na,nan,nan
