context_uid,date,exclude_reason
0,1872-08-20,rule_pre1913_no_core_companion
1,1872-08-31,rule_pre1913_no_core_companion
2,1872-09-02,rule_pre1913_no_core_companion
3,1872-09-24,rule_pre1913_no_core_companion
4,1872-09-24,rule_pre1913_no_core_companion
5,1872-10-01,rule_pre1913_no_core_companion
6,1872-10-07,rule_pre1913_no_core_companion
7,1872-10-07,rule_pre1913_no_core_companion
8,1872-10-08,rule_pre1913_no_core_companion
9,1872-10-09,rule_pre1913_no_core_companion
10,1872-10-26,rule_pre1913_no_core_companion
11,1872-11-07,rule_pre1913_no_core_companion
13,1872-11-27,rule_pre1913_no_core_companion
14,1872-12-20,rule_pre1913_no_core_companion
15,1872-12-24,rule_pre1913_no_core_companion
16,1872-12-27,rule_pre1913_no_core_companion
17,1873-01-25,rule_pre1913_no_core_companion
18,1873-02-15,rule_pre1913_no_core_companion
19,1873-02-15,rule_pre1913_no_core_companion
20,1873-02-15,rule_pre1913_no_core_companion
21,1873-02-17,rule_pre1913_no_core_companion
22,1873-02-19,rule_pre1913_no_core_companion
23,1873-02-20,rule_pre1913_no_core_companion
24,1873-02-20,rule_pre1913_no_core_companion
25,1873-02-21,rule_pre1913_no_core_companion
26,1873-02-21,rule_pre1913_no_core_companion
27,1873-02-22,rule_pre1913_no_core_companion
28,1873-02-27,rule_pre1913_no_core_companion
29,1873-03-10,rule_pre1913_no_core_companion
30,1873-03-11,rule_pre1913_no_core_companion
31,1873-03-13,rule_pre1913_no_core_companion
32,1873-03-22,rule_pre1913_no_core_companion
33,1873-03-25,rule_pre1913_no_core_companion
34,1873-04-01,rule_pre1913_no_core_companion
35,1873-04-05,rule_pre1913_no_core_companion
36,1873-04-14,rule_pre1913_no_core_companion
37,1873-04-18,rule_pre1913_no_core_companion
38,1873-04-30,rule_pre1913_no_core_companion
39,1873-05-09,rule_pre1913_no_core_companion
41,1873-05-23,rule_pre1913_no_core_companion
42,1873-05-23,rule_pre1913_no_core_companion
43,1873-05-26,rule_pre1913_no_core_companion
44,1873-06-10,rule_pre1913_no_core_companion
45,1873-07-03,rule_pre1913_no_core_companion
46,1873-07-07,rule_pre1913_no_core_companion
47,1873-07-11,rule_pre1913_no_core_companion
48,1873-07-11,rule_pre1913_no_core_companion
49,1873-07-14,rule_pre1913_no_core_companion
50,1873-07-15,rule_pre1913_no_core_companion
51,1873-07-19,rule_pre1913_no_core_companion
52,1873-07-21,rule_pre1913_no_core_companion
53,1873-07-31,rule_pre1913_no_core_companion
54,1873-08-01,rule_pre1913_no_core_companion
55,1873-08-20,rule_pre1913_no_core_companion
57,1873-09-06,rule_pre1913_no_core_companion
58,1873-09-24,rule_pre1913_no_core_companion
59,1873-09-24,rule_pre1913_no_core_companion
60,1873-10-01,rule_pre1913_no_core_companion
61,1873-10-04,rule_pre1913_no_core_companion
62,1873-10-06,rule_pre1913_no_core_companion
63,1873-10-29,rule_pre1913_no_core_companion
64,1873-10-30,rule_pre1913_no_core_companion
65,1873-10-31,rule_pre1913_no_core_companion
66,1873-11-03,rule_pre1913_no_core_companion
67,1873-11-04,rule_pre1913_no_core_companion
68,1873-11-08,rule_pre1913_no_core_companion
69,1873-11-11,rule_pre1913_no_core_companion
70,1873-11-25,rule_pre1913_no_core_companion
71,1873-11-29,rule_pre1913_no_core_companion
72,1873-12-01,rule_pre1913_no_core_companion
73,1873-12-02,rule_pre1913_no_core_companion
74,1873-12-04,rule_pre1913_no_core_companion
75,1873-12-10,rule_pre1913_no_core_companion
76,1873-12-18,rule_pre1913_no_core_companion
77,1873-12-24,rule_pre1913_no_core_companion
78,1874-01-03,rule_pre1913_no_core_companion
79,1874-01-14,rule_pre1913_no_core_companion
80,1874-01-22,rule_pre1913_no_core_companion
81,1874-01-23,rule_pre1913_no_core_companion
82,1874-03-07,rule_pre1913_no_core_companion
83,1874-03-11,rule_pre1913_no_core_companion
84,1874-04-02,rule_pre1913_no_core_companion
85,1874-04-11,rule_pre1913_no_core_companion
86,1874-04-17,rule_pre1913_no_core_companion
87,1874-05-04,rule_pre1913_no_core_companion
88,1874-05-26,rule_pre1913_no_core_companion
89,1874-05-30,rule_pre1913_no_core_companion
91,1874-06-08,rule_pre1913_no_core_companion
92,1874-06-17,rule_pre1913_no_core_companion
93,1874-06-20,rule_pre1913_no_core_companion
94,1874-06-20,rule_pre1913_no_core_companion
95,1874-06-22,rule_pre1913_no_core_companion
96,1874-06-24,rule_pre1913_no_core_companion
97,1874-08-14,rule_pre1913_no_core_companion
98,1874-08-18,rule_pre1913_no_core_companion
99,1874-08-21,rule_pre1913_no_core_companion
100,1874-09-04,rule_pre1913_no_core_companion
102,1874-12-12,rule_pre1913_no_core_companion
103,1874-12-24,rule_pre1913_no_core_companion
104,1875-01-12,rule_pre1913_no_core_companion
105,1875-01-27,rule_pre1913_no_core_companion
106,1875-01-29,rule_pre1913_no_core_companion
107,1875-02-01,rule_pre1913_no_core_companion
108,1875-02-01,rule_pre1913_no_core_companion
109,1875-02-04,rule_pre1913_no_core_companion
110,1875-02-11,rule_pre1913_no_core_companion
111,1875-02-19,rule_pre1913_no_core_companion
112,1875-02-20,rule_pre1913_no_core_companion
114,1875-03-01,rule_pre1913_no_core_companion
115,1875-03-01,rule_pre1913_no_core_companion
116,1875-03-08,rule_pre1913_no_core_companion
117,1875-03-10,rule_pre1913_no_core_companion
118,1875-03-12,rule_pre1913_no_core_companion
119,1875-03-19,rule_pre1913_no_core_companion
120,1875-03-29,rule_pre1913_no_core_companion
121,1875-04-06,rule_pre1913_no_core_companion
122,1875-04-06,rule_pre1913_no_core_companion
123,1875-04-08,rule_pre1913_no_core_companion
124,1875-04-10,rule_pre1913_no_core_companion
125,1875-04-19,rule_pre1913_no_core_companion
126,1875-04-24,rule_pre1913_no_core_companion
127,1875-04-26,rule_pre1913_no_core_companion
128,1875-04-27,rule_pre1913_no_core_companion
129,1875-04-27,rule_pre1913_no_core_companion
130,1875-04-29,rule_pre1913_no_core_companion
131,1875-04-30,rule_pre1913_no_core_companion
132,1875-04-30,rule_pre1913_no_core_companion
133,1875-05-01,rule_pre1913_no_core_companion
134,1875-05-03,rule_pre1913_no_core_companion
135,1875-05-04,rule_pre1913_no_core_companion
136,1875-05-05,rule_pre1913_no_core_companion
137,1875-05-11,rule_pre1913_no_core_companion
138,1875-05-14,rule_pre1913_no_core_companion
139,1875-05-15,rule_pre1913_no_core_companion
140,1875-05-18,rule_pre1913_no_core_companion
141,1875-05-19,rule_pre1913_no_core_companion
142,1875-05-19,rule_pre1913_no_core_companion
143,1875-05-21,rule_pre1913_no_core_companion
144,1875-05-22,rule_pre1913_no_core_companion
145,1875-05-22,rule_pre1913_no_core_companion
146,1875-06-09,rule_pre1913_no_core_companion
147,1875-06-10,rule_pre1913_no_core_companion
148,1875-06-22,rule_pre1913_no_core_companion
149,1875-06-29,rule_pre1913_no_core_companion
150,1875-07-05,rule_pre1913_no_core_companion
151,1875-07-06,rule_pre1913_no_core_companion
152,1875-07-13,rule_pre1913_no_core_companion
153,1875-07-26,rule_pre1913_no_core_companion
154,1875-07-29,rule_pre1913_no_core_companion
155,1875-08-02,rule_pre1913_no_core_companion
156,1875-08-02,rule_pre1913_no_core_companion
157,1875-08-04,rule_pre1913_no_core_companion
158,1875-08-25,rule_pre1913_no_core_companion
160,1875-09-15,rule_pre1913_no_core_companion
161,1875-09-17,rule_pre1913_no_core_companion
162,1875-10-16,rule_pre1913_no_core_companion
163,1875-10-25,rule_pre1913_no_core_companion
164,1875-11-03,rule_pre1913_no_core_companion
165,1875-11-05,rule_pre1913_no_core_companion
166,1875-11-06,rule_pre1913_no_core_companion
167,1875-11-06,rule_pre1913_no_core_companion
168,1875-11-12,rule_pre1913_no_core_companion
169,1875-11-13,rule_pre1913_no_core_companion
170,1875-11-18,rule_pre1913_no_core_companion
171,1875-11-20,rule_pre1913_no_core_companion
172,1875-11-26,rule_pre1913_no_core_companion
173,1875-11-27,rule_pre1913_no_core_companion
174,1875-11-29,rule_pre1913_no_core_companion
175,1875-11-30,rule_pre1913_no_core_companion
177,1875-12-01,rule_pre1913_no_core_companion
178,1875-12-02,rule_pre1913_no_core_companion
179,1875-12-03,rule_pre1913_no_core_companion
180,1875-12-18,rule_pre1913_no_core_companion
181,1875-12-18,rule_pre1913_no_core_companion
182,1875-12-23,rule_pre1913_no_core_companion
183,1875-12-25,rule_pre1913_no_core_companion
184,1875-12-27,rule_pre1913_no_core_companion
185,1875-12-29,rule_pre1913_no_core_companion
186,1876-01-08,rule_pre1913_no_core_companion
187,1876-01-12,rule_pre1913_no_core_companion
188,1876-01-17,rule_pre1913_no_core_companion
189,1876-01-17,rule_pre1913_no_core_companion
190,1876-01-20,rule_pre1913_no_core_companion
191,1876-02-01,rule_pre1913_no_core_companion
192,1876-02-04,rule_pre1913_no_core_companion
193,1876-02-05,rule_pre1913_no_core_companion
194,1876-02-05,rule_pre1913_no_core_companion
195,1876-02-09,rule_pre1913_no_core_companion
196,1876-02-10,rule_pre1913_no_core_companion
197,1876-02-11,rule_pre1913_no_core_companion
198,1876-02-14,rule_pre1913_no_core_companion
199,1876-02-14,rule_pre1913_no_core_companion
200,1876-02-16,rule_pre1913_no_core_companion
201,1876-02-22,rule_pre1913_no_core_companion
203,1876-03-07,rule_pre1913_no_core_companion
204,1876-03-07,rule_pre1913_no_core_companion
205,1876-03-10,rule_pre1913_no_core_companion
206,1876-03-11,rule_pre1913_no_core_companion
207,1876-03-13,rule_pre1913_no_core_companion
208,1876-03-16,rule_pre1913_no_core_companion
209,1876-03-18,rule_pre1913_no_core_companion
210,1876-03-20,rule_pre1913_no_core_companion
211,1876-03-20,rule_pre1913_no_core_companion
212,1876-03-20,rule_pre1913_no_core_companion
213,1876-03-21,rule_pre1913_no_core_companion
214,1876-03-21,rule_pre1913_no_core_companion
215,1876-03-22,rule_pre1913_no_core_companion
216,1876-03-22,rule_pre1913_no_core_companion
217,1876-03-28,rule_pre1913_no_core_companion
218,1876-04-01,rule_pre1913_no_core_companion
219,1876-04-05,rule_pre1913_no_core_companion
220,1876-04-07,rule_pre1913_no_core_companion
221,1876-04-11,rule_pre1913_no_core_companion
222,1876-04-15,rule_pre1913_no_core_companion
223,1876-04-15,rule_pre1913_no_core_companion
224,1876-04-17,rule_pre1913_no_core_companion
225,1876-04-18,rule_pre1913_no_core_companion
226,1876-04-22,rule_pre1913_no_core_companion
227,1876-04-24,rule_pre1913_no_core_companion
228,1876-04-26,rule_pre1913_no_core_companion
229,1876-04-28,rule_pre1913_no_core_companion
230,1876-05-06,rule_pre1913_no_core_companion
231,1876-05-08,rule_pre1913_no_core_companion
232,1876-05-09,rule_pre1913_no_core_companion
233,1876-05-09,rule_pre1913_no_core_companion
234,1876-05-09,rule_pre1913_no_core_companion
235,1876-05-10,rule_pre1913_no_core_companion
236,1876-05-10,rule_pre1913_no_core_companion
237,1876-05-10,rule_pre1913_no_core_companion
238,1876-05-12,rule_pre1913_no_core_companion
239,1876-05-15,rule_pre1913_no_core_companion
240,1876-05-15,rule_pre1913_no_core_companion
241,1876-05-15,rule_pre1913_no_core_companion
242,1876-05-19,rule_pre1913_no_core_companion
243,1876-05-19,rule_pre1913_no_core_companion
244,1876-05-19,rule_pre1913_no_core_companion
245,1876-05-22,rule_pre1913_no_core_companion
246,1876-05-24,rule_pre1913_no_core_companion
247,1876-05-24,rule_pre1913_no_core_companion
248,1876-06-02,rule_pre1913_no_core_companion
249,1876-06-06,rule_pre1913_no_core_companion
250,1876-06-06,rule_pre1913_no_core_companion
251,1876-06-07,rule_pre1913_no_core_companion
252,1876-06-09,rule_pre1913_no_core_companion
253,1876-06-12,rule_pre1913_no_core_companion
254,1876-06-12,rule_pre1913_no_core_companion
255,1876-06-13,rule_pre1913_no_core_companion
256,1876-06-17,rule_pre1913_no_core_companion
257,1876-06-21,rule_pre1913_no_core_companion
258,1876-06-27,rule_pre1913_no_core_companion
259,1876-06-29,rule_pre1913_no_core_companion
260,1876-07-04,rule_pre1913_no_core_companion
261,1876-07-04,rule_pre1913_no_core_companion
262,1876-07-05,rule_pre1913_no_core_companion
263,1876-07-11,rule_pre1913_no_core_companion
264,1876-07-12,rule_pre1913_no_core_companion
265,1876-07-15,rule_pre1913_no_core_companion
266,1876-07-17,rule_pre1913_no_core_companion
267,1876-07-17,rule_pre1913_no_core_companion
268,1876-07-19,rule_pre1913_no_core_companion
269,1876-07-26,rule_pre1913_no_core_companion
270,1876-07-28,rule_pre1913_no_core_companion
271,1876-07-31,rule_pre1913_no_core_companion
272,1876-08-10,rule_pre1913_no_core_companion
273,1876-08-10,rule_pre1913_no_core_companion
274,1876-08-15,rule_pre1913_no_core_companion
275,1876-08-15,rule_pre1913_no_core_companion
276,1876-08-18,rule_pre1913_no_core_companion
277,1876-08-19,rule_pre1913_no_core_companion
278,1876-09-07,rule_pre1913_no_core_companion
279,1876-09-13,rule_pre1913_no_core_companion
280,1876-09-20,rule_pre1913_no_core_companion
281,1876-09-27,rule_pre1913_no_core_companion
282,1876-10-07,rule_pre1913_no_core_companion
283,1876-10-18,rule_pre1913_no_core_companion
284,1876-11-01,rule_pre1913_no_core_companion
285,1876-11-03,rule_pre1913_no_core_companion
286,1876-11-07,rule_pre1913_no_core_companion
287,1876-11-07,rule_pre1913_no_core_companion
288,1876-11-11,rule_pre1913_no_core_companion
289,1876-11-11,rule_pre1913_no_core_companion
290,1876-11-25,rule_pre1913_no_core_companion
291,1876-12-28,rule_pre1913_no_core_companion
292,1877-01-09,rule_pre1913_no_core_companion
293,1877-01-10,rule_pre1913_no_core_companion
294,1877-01-26,rule_pre1913_no_core_companion
295,1877-02-06,rule_pre1913_no_core_companion
296,1877-02-07,rule_pre1913_no_core_companion
297,1877-02-19,rule_pre1913_no_core_companion
298,1877-02-27,rule_pre1913_no_core_companion
299,1877-03-02,rule_pre1913_no_core_companion
300,1877-03-02,rule_pre1913_no_core_companion
301,1877-03-13,rule_pre1913_no_core_companion
302,1877-03-26,rule_pre1913_no_core_companion
303,1877-05-25,rule_pre1913_no_core_companion
306,1877-07-28,rule_pre1913_no_core_companion
308,1877-08-08,rule_pre1913_no_core_companion
309,1877-08-20,rule_pre1913_no_core_companion
310,1877-08-29,rule_pre1913_no_core_companion
311,1877-09-11,rule_pre1913_no_core_companion
312,1877-09-21,rule_pre1913_no_core_companion
313,1877-10-01,rule_pre1913_no_core_companion
314,1877-10-02,rule_pre1913_no_core_companion
315,1877-10-08,rule_pre1913_no_core_companion
316,1877-10-10,rule_pre1913_no_core_companion
317,1877-10-18,rule_pre1913_no_core_companion
318,1877-10-23,rule_pre1913_no_core_companion
319,1877-11-19,rule_pre1913_no_core_companion
320,1877-11-21,rule_pre1913_no_core_companion
321,1877-12-01,rule_pre1913_no_core_companion
322,1877-12-05,rule_pre1913_no_core_companion
323,1877-12-08,rule_pre1913_no_core_companion
324,1877-12-24,rule_pre1913_no_core_companion
325,1878-01-08,rule_pre1913_no_core_companion
326,1878-02-13,rule_pre1913_no_core_companion
327,1878-02-14,rule_pre1913_no_core_companion
328,1878-02-26,rule_pre1913_no_core_companion
329,1878-03-14,rule_pre1913_no_core_companion
330,1878-03-16,rule_pre1913_no_core_companion
331,1878-04-12,rule_pre1913_no_core_companion
332,1878-04-17,rule_pre1913_no_core_companion
333,1878-04-22,rule_pre1913_no_core_companion
334,1878-04-25,rule_pre1913_no_core_companion
335,1878-05-07,rule_pre1913_no_core_companion
336,1878-05-08,rule_pre1913_no_core_companion
337,1878-05-10,rule_pre1913_no_core_companion
338,1878-05-11,rule_pre1913_no_core_companion
339,1878-05-23,rule_pre1913_no_core_companion
340,1878-05-29,rule_pre1913_no_core_companion
341,1878-07-02,rule_pre1913_no_core_companion
342,1878-07-02,rule_pre1913_no_core_companion
343,1878-07-13,rule_pre1913_no_core_companion
344,1878-08-01,rule_pre1913_no_core_companion
345,1878-08-06,rule_pre1913_no_core_companion
346,1878-08-08,rule_pre1913_no_core_companion
347,1878-08-09,rule_pre1913_no_core_companion
348,1878-08-09,rule_pre1913_no_core_companion
349,1878-08-14,rule_pre1913_no_core_companion
350,1878-09-02,rule_pre1913_no_core_companion
351,1878-10-09,rule_pre1913_no_core_companion
352,1878-10-11,rule_pre1913_no_core_companion
353,1878-11-05,rule_pre1913_no_core_companion
354,1878-11-11,rule_pre1913_no_core_companion
355,1878-11-20,rule_pre1913_no_core_companion
356,1878-11-23,rule_pre1913_no_core_companion
357,1878-11-30,rule_pre1913_no_core_companion
358,1878-12-06,rule_pre1913_no_core_companion
359,1878-12-23,rule_pre1913_no_core_companion
360,1879-01-06,rule_pre1913_no_core_companion
361,1879-01-11,rule_pre1913_no_core_companion
362,1879-01-16,rule_pre1913_no_core_companion
363,1879-01-28,rule_pre1913_no_core_companion
364,1879-01-30,rule_pre1913_no_core_companion
365,1879-02-03,rule_pre1913_no_core_companion
366,1879-02-03,rule_pre1913_no_core_companion
367,1879-02-03,rule_pre1913_no_core_companion
368,1879-02-06,rule_pre1913_no_core_companion
369,1879-02-07,rule_pre1913_no_core_companion
370,1879-02-11,rule_pre1913_no_core_companion
371,1879-02-11,rule_pre1913_no_core_companion
372,1879-02-17,rule_pre1913_no_core_companion
373,1879-02-17,rule_pre1913_no_core_companion
374,1879-02-19,rule_pre1913_no_core_companion
375,1879-02-19,rule_pre1913_no_core_companion
376,1879-03-12,rule_pre1913_no_core_companion
377,1879-03-20,rule_pre1913_no_core_companion
378,1879-03-25,rule_pre1913_no_core_companion
379,1879-03-28,rule_pre1913_no_core_companion
380,1879-04-01,rule_pre1913_no_core_companion
381,1879-04-08,rule_pre1913_no_core_companion
382,1879-04-29,rule_pre1913_no_core_companion
384,1879-05-04,rule_pre1913_no_core_companion
385,1879-05-06,rule_pre1913_no_core_companion
386,1879-05-10,rule_pre1913_no_core_companion
387,1879-05-16,rule_pre1913_no_core_companion
388,1879-05-20,rule_pre1913_no_core_companion
389,1879-05-20,rule_pre1913_no_core_companion
390,1879-05-31,rule_pre1913_no_core_companion
391,1879-06-11,rule_pre1913_no_core_companion
392,1879-06-29,rule_pre1913_no_core_companion
393,1879-07-15,rule_pre1913_no_core_companion
394,1879-07-23,rule_pre1913_no_core_companion
395,1879-07-31,rule_pre1913_no_core_companion
396,1879-08-09,rule_pre1913_no_core_companion
397,1879-08-23,rule_pre1913_no_core_companion
398,1879-10-04,rule_pre1913_no_core_companion
399,1879-10-10,rule_pre1913_no_core_companion
400,1879-10-18,rule_pre1913_no_core_companion
401,1879-10-25,rule_pre1913_no_core_companion
402,1879-10-31,rule_pre1913_no_core_companion
403,1879-11-02,rule_pre1913_no_core_companion
404,1879-11-06,rule_pre1913_no_core_companion
405,1879-12-08,rule_pre1913_no_core_companion
406,1879-12-21,rule_pre1913_no_core_companion
407,1879-12-24,rule_pre1913_no_core_companion
408,1880-01-21,rule_pre1913_no_core_companion
409,1880-01-25,rule_pre1913_no_core_companion
410,1880-01-29,rule_pre1913_no_core_companion
411,1880-02-06,rule_pre1913_no_core_companion
412,1880-02-28,rule_pre1913_no_core_companion
413,1880-02-29,rule_pre1913_no_core_companion
414,1880-03-01,rule_pre1913_no_core_companion
415,1880-03-20,rule_pre1913_no_core_companion
416,1880-05-11,rule_pre1913_no_core_companion
417,1880-05-15,rule_pre1913_no_core_companion
418,1880-05-19,rule_pre1913_no_core_companion
419,1880-05-25,rule_pre1913_no_core_companion
420,1880-05-26,rule_pre1913_no_core_companion
421,1880-05-27,rule_pre1913_no_core_companion
422,1880-05-28,rule_pre1913_no_core_companion
423,1880-06-21,rule_pre1913_no_core_companion
424,1880-07-02,rule_pre1913_no_core_companion
425,1880-07-05,rule_pre1913_no_core_companion
426,1880-07-09,rule_pre1913_no_core_companion
427,1880-08-07,rule_pre1913_no_core_companion
428,1880-08-17,rule_pre1913_no_core_companion
429,1880-08-21,rule_pre1913_no_core_companion
430,1880-09-11,rule_pre1913_no_core_companion
431,1880-09-28,rule_pre1913_no_core_companion
432,1880-10-04,rule_pre1913_no_core_companion
433,1880-10-13,rule_pre1913_no_core_companion
434,1880-12-03,rule_pre1913_no_core_companion
435,1880-12-04,rule_pre1913_no_core_companion
436,1880-12-21,rule_pre1913_no_core_companion
437,1881-01-01,rule_pre1913_no_core_companion
438,1881-01-22,rule_pre1913_no_core_companion
439,1881-03-08,rule_pre1913_no_core_companion
440,1881-03-13,rule_pre1913_no_core_companion
441,1881-03-17,rule_pre1913_no_core_companion
442,1881-03-24,rule_pre1913_no_core_companion
443,1881-04-07,rule_pre1913_no_core_companion
444,1881-04-07,rule_pre1913_no_core_companion
445,1881-04-09,rule_pre1913_no_core_companion
446,1881-04-12,rule_pre1913_no_core_companion
447,1881-05-05,rule_pre1913_no_core_companion
449,1881-08-29,rule_pre1913_no_core_companion
450,1881-09-17,rule_pre1913_no_core_companion
451,1881-10-17,rule_pre1913_no_core_companion
452,1881-11-17,rule_pre1913_no_core_companion
453,1881-11-27,rule_pre1913_no_core_companion
454,1881-12-24,rule_pre1913_no_core_companion
455,1882-02-01,rule_pre1913_no_core_companion
456,1882-02-08,rule_pre1913_no_core_companion
457,1882-02-14,rule_pre1913_no_core_companion
458,1882-03-12,rule_pre1913_no_core_companion
459,1882-03-13,rule_pre1913_no_core_companion
460,1882-03-18,rule_pre1913_no_core_companion
461,1882-04-25,rule_pre1913_no_core_companion
462,1882-05-27,rule_pre1913_no_core_companion
463,1882-06-02,rule_pre1913_no_core_companion
464,1882-07-07,rule_pre1913_no_core_companion
465,1882-08-07,rule_pre1913_no_core_companion
466,1882-09-01,rule_pre1913_no_core_companion
467,1882-09-09,rule_pre1913_no_core_companion
468,1882-09-10,rule_pre1913_no_core_companion
469,1882-09-17,rule_pre1913_no_core_companion
472,1882-10-19,rule_pre1913_no_core_companion
473,1882-10-21,rule_pre1913_no_core_companion
474,1882-11-07,rule_pre1913_no_core_companion
475,1882-11-07,rule_pre1913_no_core_companion
476,1882-11-12,rule_pre1913_no_core_companion
477,1882-11-15,rule_pre1913_no_core_companion
478,1882-11-15,rule_pre1913_no_core_companion
480,1883-04-29,rule_pre1913_no_core_companion
482,1883-06-16,rule_pre1913_no_core_companion
483,1883-08-31,rule_pre1913_no_core_companion
484,1883-10-03,rule_pre1913_no_core_companion
485,1883-10-22,rule_pre1913_no_core_companion
486,1883-10-22,rule_pre1913_no_core_companion
487,1883-11-16,rule_pre1913_no_core_companion
488,1883-11-17,rule_pre1913_no_core_companion
489,1883-11-30,rule_pre1913_no_core_companion
490,1884-01-10,rule_pre1913_no_core_companion
491,1884-01-20,rule_pre1913_no_core_companion
492,1884-02-15,rule_pre1913_no_core_companion
493,1884-03-01,rule_pre1913_no_core_companion
494,1884-03-01,rule_pre1913_no_core_companion
495,1884-03-29,rule_pre1913_no_core_companion
496,1884-03-30,rule_pre1913_no_core_companion
497,1884-04-04,rule_pre1913_no_core_companion
498,1884-04-16,rule_pre1913_no_core_companion
499,1884-04-20,rule_pre1913_no_core_companion
500,1884-04-22,rule_pre1913_no_core_companion
501,1884-04-25,rule_pre1913_no_core_companion
502,1884-04-30,rule_pre1913_no_core_companion
503,1884-05-13,rule_pre1913_no_core_companion
504,1884-05-25,rule_pre1913_no_core_companion
505,1884-06-22,rule_pre1913_no_core_companion
506,1884-06-26,rule_pre1913_no_core_companion
507,1884-06-30,rule_pre1913_no_core_companion
508,1884-07-24,rule_pre1913_no_core_companion
509,1884-07-26,rule_pre1913_no_core_companion
510,1884-08-09,rule_pre1913_no_core_companion
511,1884-08-09,rule_pre1913_no_core_companion
512,1884-08-28,rule_pre1913_no_core_companion
513,1884-09-19,rule_pre1913_no_core_companion
515,1884-09-24,rule_pre1913_no_core_companion
516,1884-10-04,rule_pre1913_no_core_companion
517,1884-10-09,rule_pre1913_no_core_companion
518,1884-10-16,rule_pre1913_no_core_companion
519,1884-10-27,rule_pre1913_no_core_companion
520,1884-10-27,rule_pre1913_no_core_companion
521,1884-10-27,rule_pre1913_no_core_companion
522,1884-12-09,rule_pre1913_no_core_companion
524,1884-12-29,rule_pre1913_no_core_companion
525,1884-12-30,rule_pre1913_no_core_companion
526,1885-01-04,rule_pre1913_no_core_companion
527,1885-01-11,rule_pre1913_no_core_companion
528,1885-03-01,rule_pre1913_no_core_companion
529,1885-03-15,rule_pre1913_no_core_companion
530,1885-03-16,rule_pre1913_no_core_companion
531,1885-03-21,rule_pre1913_no_core_companion
532,1885-03-28,rule_pre1913_no_core_companion
533,1885-04-06,rule_pre1913_no_core_companion
534,1885-04-09,rule_pre1913_no_core_companion
535,1885-04-13,rule_pre1913_no_core_companion
536,1885-04-20,rule_pre1913_no_core_companion
537,1885-05-06,rule_pre1913_no_core_companion
538,1885-05-14,rule_pre1913_no_core_companion
539,1885-05-24,rule_pre1913_no_core_companion
540,1885-05-25,rule_pre1913_no_core_companion
541,1885-06-01,rule_pre1913_no_core_companion
542,1885-06-06,rule_pre1913_no_core_companion
543,1885-06-07,rule_pre1913_no_core_companion
544,1885-06-10,rule_pre1913_no_core_companion
545,1885-06-13,rule_pre1913_no_core_companion
546,1885-06-27,rule_pre1913_no_core_companion
547,1885-07-02,rule_pre1913_no_core_companion
548,1885-07-02,rule_pre1913_no_core_companion
549,1885-07-04,rule_pre1913_no_core_companion
550,1885-07-10,rule_pre1913_no_core_companion
551,1885-07-11,rule_pre1913_no_core_companion
552,1885-07-11,rule_pre1913_no_core_companion
553,1885-07-28,rule_pre1913_no_core_companion
554,1885-08-31,rule_pre1913_no_core_companion
555,1885-10-09,rule_pre1913_no_core_companion
556,1885-10-12,rule_pre1913_no_core_companion
558,1885-10-31,rule_pre1913_no_core_companion
559,1885-11-12,rule_pre1913_no_core_companion
560,1885-11-26,rule_pre1913_no_core_companion
561,1885-12-01,rule_pre1913_no_core_companion
562,1886-01-03,rule_pre1913_no_core_companion
563,1886-02-11,rule_pre1913_no_core_companion
564,1886-02-24,rule_pre1913_no_core_companion
565,1886-03-01,rule_pre1913_no_core_companion
566,1886-03-09,rule_pre1913_no_core_companion
567,1886-03-25,rule_pre1913_no_core_companion
568,1886-03-31,rule_pre1913_no_core_companion
569,1886-04-05,rule_pre1913_no_core_companion
570,1886-04-11,rule_pre1913_no_core_companion
571,1886-04-13,rule_pre1913_no_core_companion
572,1886-05-17,rule_pre1913_no_core_companion
573,1886-05-31,rule_pre1913_no_core_companion
574,1886-06-02,rule_pre1913_no_core_companion
575,1886-06-27,rule_pre1913_no_core_companion
576,1886-06-28,rule_pre1913_no_core_companion
577,1886-06-28,rule_pre1913_no_core_companion
578,1886-07-02,rule_pre1913_no_core_companion
579,1886-07-10,rule_pre1913_no_core_companion
580,1886-08-21,rule_pre1913_no_core_companion
581,1886-08-31,rule_pre1913_no_core_companion
582,1886-09-01,rule_pre1913_no_core_companion
583,1886-09-03,rule_pre1913_no_core_companion
584,1886-09-24,rule_pre1913_no_core_companion
585,1886-09-25,rule_pre1913_no_core_companion
586,1886-10-02,rule_pre1913_no_core_companion
587,1886-10-07,rule_pre1913_no_core_companion
588,1886-10-14,rule_pre1913_no_core_companion
589,1886-10-15,rule_pre1913_no_core_companion
590,1886-10-16,rule_pre1913_no_core_companion
591,1886-10-17,rule_pre1913_no_core_companion
592,1886-10-17,rule_pre1913_no_core_companion
593,1886-10-18,rule_pre1913_no_core_companion
594,1886-10-19,rule_pre1913_no_core_companion
595,1886-10-22,rule_pre1913_no_core_companion
596,1886-10-26,rule_pre1913_no_core_companion
597,1886-10-27,rule_pre1913_no_core_companion
598,1886-11-09,rule_pre1913_no_core_companion
599,1886-11-10,rule_pre1913_no_core_companion
600,1886-11-18,rule_pre1913_no_core_companion
601,1886-11-19,rule_pre1913_no_core_companion
602,1886-11-26,rule_pre1913_no_core_companion
603,1886-11-26,rule_pre1913_no_core_companion
604,1886-12-02,rule_pre1913_no_core_companion
605,1886-12-04,rule_pre1913_no_core_companion
606,1886-12-13,rule_pre1913_no_core_companion
607,1886-12-26,rule_pre1913_no_core_companion
608,1887-01-09,rule_pre1913_no_core_companion
609,1887-01-10,rule_pre1913_no_core_companion
610,1887-02-01,rule_pre1913_no_core_companion
611,1887-02-08,rule_pre1913_no_core_companion
612,1887-03-07,rule_pre1913_no_core_companion
613,1887-03-19,rule_pre1913_no_core_companion
614,1887-03-24,rule_pre1913_no_core_companion
615,1887-04-21,rule_pre1913_no_core_companion
616,1887-04-21,rule_pre1913_no_core_companion
619,1887-06-11,rule_pre1913_no_core_companion
620,1887-07-21,rule_pre1913_no_core_companion
621,1887-09-09,rule_pre1913_no_core_companion
622,1887-09-09,rule_pre1913_no_core_companion
623,1887-09-30,rule_pre1913_no_core_companion
624,1887-10-21,rule_pre1913_no_core_companion
627,1888-02-09,rule_pre1913_no_core_companion
628,1888-02-18,rule_pre1913_no_core_companion
629,1888-03-16,rule_pre1913_no_core_companion
631,1888-05-11,rule_pre1913_no_core_companion
632,1888-05-12,rule_pre1913_no_core_companion
633,1888-05-12,rule_pre1913_no_core_companion
634,1888-05-31,rule_pre1913_no_core_companion
635,1888-06-06,rule_pre1913_no_core_companion
639,1888-08-26,rule_pre1913_no_core_companion
640,1888-09-21,rule_pre1913_no_core_companion
641,1888-10-03,rule_pre1913_no_core_companion
642,1888-10-04,rule_pre1913_no_core_companion
643,1888-10-20,rule_pre1913_no_core_companion
644,1888-11-08,rule_pre1913_no_core_companion
645,1888-11-08,rule_pre1913_no_core_companion
646,1888-11-08,rule_pre1913_no_core_companion
647,1888-11-08,rule_pre1913_no_core_companion
648,1888-11-12,rule_pre1913_no_core_companion
650,1889-01-09,rule_pre1913_no_core_companion
652,1889-02-10,rule_pre1913_no_core_companion
654,1889-02-17,rule_pre1913_no_core_companion
662,1889-03-02,rule_pre1913_no_core_companion
663,1889-03-02,rule_pre1913_no_core_companion
666,1889-03-18,rule_pre1913_no_core_companion
667,1889-04-09,rule_pre1913_no_core_companion
669,1889-06-12,rule_pre1913_no_core_companion
670,1889-06-25,rule_pre1913_no_core_companion
671,1889-07-01,rule_pre1913_no_core_companion
672,1889-07-10,rule_pre1913_no_core_companion
673,1889-07-19,rule_pre1913_no_core_companion
674,1889-07-28,rule_pre1913_no_core_companion
675,1889-07-29,rule_pre1913_no_core_companion
676,1889-08-05,rule_pre1913_no_core_companion
677,1889-08-27,rule_pre1913_no_core_companion
678,1889-09-14,rule_pre1913_no_core_companion
679,1889-09-24,rule_pre1913_no_core_companion
681,1889-12-11,rule_pre1913_no_core_companion
684,1890-02-24,rule_pre1913_no_core_companion
685,1890-03-12,rule_pre1913_no_core_companion
686,1890-06-08,rule_pre1913_no_core_companion
687,1890-06-15,rule_pre1913_no_core_companion
688,1890-07-14,rule_pre1913_no_core_companion
689,1890-07-24,rule_pre1913_no_core_companion
690,1890-10-28,rule_pre1913_no_core_companion
691,1890-11-16,rule_pre1913_no_core_companion
694,1890-12-16,rule_pre1913_no_core_companion
695,1890-12-21,rule_pre1913_no_core_companion
696,1890-12-23,rule_pre1913_no_core_companion
697,1891-01-10,rule_pre1913_no_core_companion
698,1891-01-12,rule_pre1913_no_core_companion
699,1891-02-07,rule_pre1913_no_core_companion
700,1891-03-03,rule_pre1913_no_core_companion
701,1891-03-05,rule_pre1913_no_core_companion
702,1891-03-07,rule_pre1913_no_core_companion
703,1891-03-23,rule_pre1913_no_core_companion
704,1891-04-04,rule_pre1913_no_core_companion
705,1891-04-10,rule_pre1913_no_core_companion
706,1891-04-21,rule_pre1913_no_core_companion
707,1891-05-04,rule_pre1913_no_core_companion
708,1891-05-20,rule_pre1913_no_core_companion
709,1891-05-29,rule_pre1913_no_core_companion
710,1891-05-31,rule_pre1913_no_core_companion
711,1891-05-31,rule_pre1913_no_core_companion
712,1891-05-31,rule_pre1913_no_core_companion
713,1891-06-06,rule_pre1913_no_core_companion
714,1891-08-06,rule_pre1913_no_core_companion
716,1891-09-25,rule_pre1913_no_core_companion
717,1891-09-30,rule_pre1913_no_core_companion
719,1891-10-14,rule_pre1913_no_core_companion
720,1891-10-21,rule_pre1913_no_core_companion
721,1891-10-22,rule_pre1913_no_core_companion
723,1891-11-03,rule_pre1913_no_core_companion
724,1891-11-12,rule_pre1913_no_core_companion
725,1891-11-18,rule_pre1913_no_core_companion
726,1891-11-23,rule_pre1913_no_core_companion
727,1891-11-23,rule_pre1913_no_core_companion
728,1891-11-25,rule_pre1913_no_core_companion
730,1891-11-30,rule_pre1913_no_core_companion
731,1891-12-06,rule_pre1913_no_core_companion
733,1891-12-10,rule_pre1913_no_core_companion
734,1891-12-10,rule_pre1913_no_core_companion
735,1891-12-21,rule_pre1913_no_core_companion
737,1892-01-23,rule_pre1913_no_core_companion
739,1892-02-05,rule_pre1913_no_core_companion
740,1892-02-09,rule_pre1913_no_core_companion
741,1892-02-09,rule_pre1913_no_core_companion
742,1892-02-13,rule_pre1913_no_core_companion
743,1892-02-16,rule_pre1913_no_core_companion
744,1892-02-21,rule_pre1913_no_core_companion
745,1892-03-02,rule_pre1913_no_core_companion
746,1892-03-10,rule_pre1913_no_core_companion
747,1892-03-16,rule_pre1913_no_core_companion
748,1892-04-09,rule_pre1913_no_core_companion
749,1892-04-18,rule_pre1913_no_core_companion
750,1892-04-20,rule_pre1913_no_core_companion
751,1892-04-20,rule_pre1913_no_core_companion
752,1892-05-03,rule_pre1913_no_core_companion
753,1892-05-03,rule_pre1913_no_core_companion
754,1892-05-04,rule_pre1913_no_core_companion
755,1892-05-07,rule_pre1913_no_core_companion
756,1892-05-08,rule_pre1913_no_core_companion
757,1892-05-10,rule_pre1913_no_core_companion
758,1892-05-11,rule_pre1913_no_core_companion
759,1892-05-11,rule_pre1913_no_core_companion
760,1892-05-12,rule_pre1913_no_core_companion
761,1892-05-12,rule_pre1913_no_core_companion
762,1892-05-13,rule_pre1913_no_core_companion
763,1892-05-14,rule_pre1913_no_core_companion
764,1892-05-17,rule_pre1913_no_core_companion
765,1892-05-19,rule_pre1913_no_core_companion
766,1892-05-20,rule_pre1913_no_core_companion
767,1892-05-23,rule_pre1913_no_core_companion
768,1892-05-24,rule_pre1913_no_core_companion
769,1892-05-24,rule_pre1913_no_core_companion
770,1892-05-24,rule_pre1913_no_core_companion
771,1892-06-02,rule_pre1913_no_core_companion
772,1892-06-15,rule_pre1913_no_core_companion
773,1892-07-01,rule_pre1913_no_core_companion
774,1892-07-07,rule_pre1913_no_core_companion
775,1892-07-23,rule_pre1913_no_core_companion
776,1892-07-27,rule_pre1913_no_core_companion
777,1892-07-30,rule_pre1913_no_core_companion
778,1892-08-02,rule_pre1913_no_core_companion
779,1892-08-12,rule_pre1913_no_core_companion
780,1892-08-18,rule_pre1913_no_core_companion
781,1892-08-29,rule_pre1913_no_core_companion
782,1892-09-04,rule_pre1913_no_core_companion
784,1892-09-20,rule_pre1913_no_core_companion
785,1892-10-05,rule_pre1913_no_core_companion
787,1892-10-14,rule_pre1913_no_core_companion
788,1892-10-15,rule_pre1913_no_core_companion
789,1892-10-20,rule_pre1913_no_core_companion
790,1892-11-03,rule_pre1913_no_core_companion
791,1892-11-04,rule_pre1913_no_core_companion
792,1892-11-11,rule_pre1913_no_core_companion
793,1892-11-19,rule_pre1913_no_core_companion
794,1892-12-13,rule_pre1913_no_core_companion
795,1892-12-14,rule_pre1913_no_core_companion
796,1893-01-03,rule_pre1913_no_core_companion
797,1893-01-16,rule_pre1913_no_core_companion
798,1893-01-22,rule_pre1913_no_core_companion
799,1893-01-22,rule_pre1913_no_core_companion
801,1893-02-05,rule_pre1913_no_core_companion
802,1893-02-24,rule_pre1913_no_core_companion
803,1893-02-25,rule_pre1913_no_core_companion
804,1893-03-24,rule_pre1913_no_core_companion
805,1893-03-29,rule_pre1913_no_core_companion
806,1893-04-04,rule_pre1913_no_core_companion
807,1893-04-04,rule_pre1913_no_core_companion
808,1893-04-16,rule_pre1913_no_core_companion
809,1893-04-16,rule_pre1913_no_core_companion
810,1893-04-22,rule_pre1913_no_core_companion
811,1893-05-07,rule_pre1913_no_core_companion
812,1893-05-16,rule_pre1913_no_core_companion
814,1893-06-01,rule_pre1913_no_core_companion
815,1893-06-05,rule_pre1913_no_core_companion
816,1893-06-12,rule_pre1913_no_core_companion
817,1893-06-13,rule_pre1913_no_core_companion
819,1893-07-08,rule_pre1913_no_core_companion
820,1893-07-08,rule_pre1913_no_core_companion
821,1893-08-05,rule_pre1913_no_core_companion
822,1893-08-14,rule_pre1913_no_core_companion
823,1893-08-27,rule_pre1913_no_core_companion
824,1893-09-25,rule_pre1913_no_core_companion
825,1893-10-30,rule_pre1913_no_core_companion
826,1893-11-01,rule_pre1913_no_core_companion
827,1893-11-03,rule_pre1913_no_core_companion
828,1893-11-08,rule_pre1913_no_core_companion
830,1893-12-21,rule_pre1913_no_core_companion
831,1894-01-05,rule_pre1913_no_core_companion
834,1894-01-13,rule_pre1913_no_core_companion
835,1894-01-13,rule_pre1913_no_core_companion
837,1894-01-15,rule_pre1913_no_core_companion
838,1894-01-21,rule_pre1913_no_core_companion
839,1894-03-18,rule_pre1913_no_core_companion
840,1894-03-24,rule_pre1913_no_core_companion
841,1894-04-01,rule_pre1913_no_core_companion
842,1894-04-02,rule_pre1913_no_core_companion
843,1894-04-19,rule_pre1913_no_core_companion
844,1894-04-25,rule_pre1913_no_core_companion
845,1894-05-12,rule_pre1913_no_core_companion
846,1894-05-28,rule_pre1913_no_core_companion
847,1894-05-28,rule_pre1913_no_core_companion
848,1894-05-30,rule_pre1913_no_core_companion
849,1894-06-05,rule_pre1913_no_core_companion
850,1894-06-06,rule_pre1913_no_core_companion
851,1894-06-26,rule_pre1913_no_core_companion
853,1894-08-04,rule_pre1913_no_core_companion
854,1894-08-10,rule_pre1913_no_core_companion
855,1894-08-17,rule_pre1913_no_core_companion
856,1894-08-27,rule_pre1913_no_core_companion
857,1894-08-30,rule_pre1913_no_core_companion
858,1894-09-03,rule_pre1913_no_core_companion
859,1894-09-05,rule_pre1913_no_core_companion
860,1894-09-19,rule_pre1913_no_core_companion
861,1894-09-28,rule_pre1913_no_core_companion
862,1894-10-02,rule_pre1913_no_core_companion
863,1894-10-03,rule_pre1913_no_core_companion
864,1894-10-15,rule_pre1913_no_core_companion
865,1894-10-15,rule_pre1913_no_core_companion
866,1894-11-19,rule_pre1913_no_core_companion
867,1894-11-22,rule_pre1913_no_core_companion
868,1894-11-22,rule_pre1913_no_core_companion
869,1894-11-26,rule_pre1913_no_core_companion
870,1894-12-11,rule_pre1913_no_core_companion
871,1894-12-20,rule_pre1913_no_core_companion
872,1894-12-21,rule_pre1913_no_core_companion
873,1894-12-23,rule_pre1913_no_core_companion
874,1894-12-31,rule_pre1913_no_core_companion
875,1895-01-02,rule_pre1913_no_core_companion
876,1895-01-09,rule_pre1913_no_core_companion
877,1895-01-13,rule_pre1913_no_core_companion
878,1895-01-16,rule_pre1913_no_core_companion
879,1895-01-23,rule_pre1913_no_core_companion
880,1895-02-17,rule_pre1913_no_core_companion
881,1895-03-14,rule_pre1913_no_core_companion
882,1895-03-17,rule_pre1913_no_core_companion
883,1895-03-18,rule_pre1913_no_core_companion
884,1895-03-21,rule_pre1913_no_core_companion
885,1895-03-28,rule_pre1913_no_core_companion
886,1895-04-03,rule_pre1913_no_core_companion
887,1895-04-04,rule_pre1913_no_core_companion
888,1895-04-04,rule_pre1913_no_core_companion
890,1895-06-12,rule_pre1913_no_core_companion
891,1895-07-02,rule_pre1913_no_core_companion
892,1895-09-09,rule_pre1913_no_core_companion
893,1895-09-23,rule_pre1913_no_core_companion
894,1895-09-28,rule_pre1913_no_core_companion
895,1895-10-02,rule_pre1913_no_core_companion
896,1895-10-05,rule_pre1913_no_core_companion
897,1895-10-12,rule_pre1913_no_core_companion
898,1895-10-13,rule_pre1913_no_core_companion
899,1895-10-19,rule_pre1913_no_core_companion
901,1895-10-30,rule_pre1913_no_core_companion
902,1895-11-04,rule_pre1913_no_core_companion
903,1895-11-10,rule_pre1913_no_core_companion
904,1895-11-16,rule_pre1913_no_core_companion
905,1895-12-01,rule_pre1913_no_core_companion
906,1895-12-05,rule_pre1913_no_core_companion
907,1895-12-05,rule_pre1913_no_core_companion
908,1895-12-05,rule_pre1913_no_core_companion
909,1895-12-05,rule_pre1913_no_core_companion
910,1895-12-08,rule_pre1913_no_core_companion
911,1895-12-12,rule_pre1913_no_core_companion
912,1895-12-12,rule_pre1913_no_core_companion
913,1895-12-12,rule_pre1913_no_core_companion
914,1895-12-20,rule_pre1913_no_core_companion
915,1895-12-27,rule_pre1913_no_core_companion
916,1896-01-05,rule_pre1913_no_core_companion
917,1896-01-22,rule_pre1913_no_core_companion
918,1896-01-31,rule_pre1913_no_core_companion
919,1896-02-03,rule_pre1913_no_core_companion
920,1896-02-18,rule_pre1913_no_core_companion
921,1896-03-10,rule_pre1913_no_core_companion
922,1896-03-10,rule_pre1913_no_core_companion
923,1896-03-18,rule_pre1913_no_core_companion
924,1896-03-30,rule_pre1913_no_core_companion
925,1896-03-31,rule_pre1913_no_core_companion
926,1896-03-31,rule_pre1913_no_core_companion
927,1896-04-16,rule_pre1913_no_core_companion
928,1896-04-16,rule_pre1913_no_core_companion
929,1896-04-16,rule_pre1913_no_core_companion
930,1896-04-16,rule_pre1913_no_core_companion
931,1896-04-16,rule_pre1913_no_core_companion
932,1896-05-13,rule_pre1913_no_core_companion
933,1896-05-13,rule_pre1913_no_core_companion
934,1896-05-13,rule_pre1913_no_core_companion
935,1896-05-13,rule_pre1913_no_core_companion
936,1896-05-13,rule_pre1913_no_core_companion
937,1896-05-23,rule_pre1913_no_core_companion
938,1896-05-24,rule_pre1913_no_core_companion
939,1896-06-13,rule_pre1913_no_core_companion
940,1896-06-15,rule_pre1913_no_core_companion
941,1896-06-15,rule_pre1913_no_core_companion
942,1896-06-15,rule_pre1913_no_core_companion
943,1896-07-05,rule_pre1913_no_core_companion
944,1896-07-12,rule_pre1913_no_core_companion
945,1896-07-26,rule_pre1913_no_core_companion
946,1896-07-26,rule_pre1913_no_core_companion
948,1896-08-10,rule_pre1913_no_core_companion
949,1896-08-10,rule_pre1913_no_core_companion
950,1896-08-12,rule_pre1913_no_core_companion
951,1896-08-25,rule_pre1913_no_core_companion
952,1896-08-25,rule_pre1913_no_core_companion
953,1896-08-26,rule_pre1913_no_core_companion
954,1896-09-02,rule_pre1913_no_core_companion
955,1896-09-02,rule_pre1913_no_core_companion
956,1896-09-03,rule_pre1913_no_core_companion
957,1896-10-07,rule_pre1913_no_core_companion
958,1896-10-13,rule_pre1913_no_core_companion
959,1896-10-27,rule_pre1913_no_core_companion
960,1896-10-27,rule_pre1913_no_core_companion
961,1896-10-28,rule_pre1913_no_core_companion
962,1896-10-28,rule_pre1913_no_core_companion
963,1896-11-22,rule_pre1913_no_core_companion
964,1896-11-24,rule_pre1913_no_core_companion
965,1896-11-27,rule_pre1913_no_core_companion
966,1896-12-15,rule_pre1913_no_core_companion
967,1896-12-17,rule_pre1913_no_core_companion
968,1897-01-17,rule_pre1913_no_core_companion
969,1897-01-27,rule_pre1913_no_core_companion
970,1897-02-14,rule_pre1913_no_core_companion
971,1897-02-26,rule_pre1913_no_core_companion
972,1897-02-27,rule_pre1913_no_core_companion
973,1897-03-01,rule_pre1913_no_core_companion
974,1897-03-01,rule_pre1913_no_core_companion
975,1897-03-01,rule_pre1913_no_core_companion
976,1897-03-01,rule_pre1913_no_core_companion
977,1897-03-21,rule_pre1913_no_core_companion
978,1897-03-24,rule_pre1913_no_core_companion
979,1897-03-28,rule_pre1913_no_core_companion
980,1897-03-30,rule_pre1913_no_core_companion
981,1897-03-31,rule_pre1913_no_core_companion
982,1897-04-03,rule_pre1913_no_core_companion
983,1897-04-03,rule_pre1913_no_core_companion
984,1897-04-11,rule_pre1913_no_core_companion
985,1897-04-24,rule_pre1913_no_core_companion
986,1897-05-10,rule_pre1913_no_core_companion
987,1897-05-15,rule_pre1913_no_core_companion
988,1897-05-18,rule_pre1913_no_core_companion
989,1897-05-29,rule_pre1913_no_core_companion
990,1897-05-29,rule_pre1913_no_core_companion
991,1897-06-01,rule_pre1913_no_core_companion
992,1897-06-01,rule_pre1913_no_core_companion
993,1897-06-08,rule_pre1913_no_core_companion
994,1897-06-15,rule_pre1913_no_core_companion
995,1897-06-17,rule_pre1913_no_core_companion
996,1897-06-19,rule_pre1913_no_core_companion
997,1897-07-04,rule_pre1913_no_core_companion
998,1897-08-05,rule_pre1913_no_core_companion
999,1897-08-06,rule_pre1913_no_core_companion
1001,1897-08-23,rule_pre1913_no_core_companion
1002,1897-08-24,rule_pre1913_no_core_companion
1003,1897-09-03,rule_pre1913_no_core_companion
1004,1897-09-13,rule_pre1913_no_core_companion
1005,1897-09-19,rule_pre1913_no_core_companion
1006,1897-10-09,rule_pre1913_no_core_companion
1007,1897-10-19,rule_pre1913_no_core_companion
1008,1897-10-28,rule_pre1913_no_core_companion
1009,1897-11-01,rule_pre1913_no_core_companion
1010,1897-11-03,rule_pre1913_no_core_companion
1011,1897-11-05,rule_pre1913_no_core_companion
1012,1897-11-05,rule_pre1913_no_core_companion
1013,1897-11-11,rule_pre1913_no_core_companion
1014,1897-11-16,rule_pre1913_no_core_companion
1015,1897-11-23,rule_pre1913_no_core_companion
1016,1897-12-02,rule_pre1913_no_core_companion
1017,1897-12-06,rule_pre1913_no_core_companion
1018,1897-12-18,rule_pre1913_no_core_companion
1019,1897-12-18,rule_pre1913_no_core_companion
1020,1897-12-26,rule_pre1913_no_core_companion
1021,1897-12-26,rule_pre1913_no_core_companion
1022,1898-01-09,rule_pre1913_no_core_companion
1023,1898-01-09,rule_pre1913_no_core_companion
1024,1898-01-11,rule_pre1913_no_core_companion
1025,1898-01-11,rule_pre1913_no_core_companion
1026,1898-01-29,rule_pre1913_no_core_companion
1027,1898-02-12,rule_pre1913_no_core_companion
1028,1898-02-14,rule_pre1913_no_core_companion
1029,1898-02-25,rule_pre1913_no_core_companion
1030,1898-02-27,rule_pre1913_no_core_companion
1031,1898-03-06,rule_pre1913_no_core_companion
1032,1898-03-09,rule_pre1913_no_core_companion
1033,1898-03-23,rule_pre1913_no_core_companion
1034,1898-04-09,rule_pre1913_no_core_companion
1035,1898-05-03,rule_pre1913_no_core_companion
1036,1898-05-08,rule_pre1913_no_core_companion
1037,1898-05-10,rule_pre1913_no_core_companion
1038,1898-05-12,rule_pre1913_no_core_companion
1039,1898-05-23,rule_pre1913_no_core_companion
1040,1898-05-30,rule_pre1913_no_core_companion
1041,1898-06-07,rule_pre1913_no_core_companion
1042,1898-06-13,rule_pre1913_no_core_companion
1043,1898-06-23,rule_pre1913_no_core_companion
1044,1898-06-24,rule_pre1913_no_core_companion
1045,1898-07-19,rule_pre1913_no_core_companion
1046,1898-07-19,rule_pre1913_no_core_companion
1047,1898-07-26,rule_pre1913_no_core_companion
1048,1898-08-05,rule_pre1913_no_core_companion
1050,1898-08-13,rule_pre1913_no_core_companion
1051,1898-08-17,rule_pre1913_no_core_companion
1052,1898-09-08,rule_pre1913_no_core_companion
1053,1898-09-10,rule_pre1913_no_core_companion
1054,1898-09-20,rule_pre1913_no_core_companion
1055,1898-09-24,rule_pre1913_no_core_companion
1056,1898-09-28,rule_pre1913_no_core_companion
1057,1898-10-06,rule_pre1913_no_core_companion
1058,1898-10-15,rule_pre1913_no_core_companion
1059,1898-10-23,rule_pre1913_no_core_companion
1060,1898-10-26,rule_pre1913_no_core_companion
1061,1898-10-27,rule_pre1913_no_core_companion
1062,1898-10-27,rule_pre1913_no_core_companion
1063,1898-10-31,rule_pre1913_no_core_companion
1064,1898-11-06,rule_pre1913_no_core_companion
1065,1898-11-10,rule_pre1913_no_core_companion
1066,1898-11-13,rule_pre1913_no_core_companion
1067,1898-11-13,rule_pre1913_no_core_companion
1068,1898-11-16,rule_pre1913_no_core_companion
1070,1898-11-18,rule_pre1913_no_core_companion
1071,1898-11-21,rule_pre1913_no_core_companion
1072,1898-12-01,rule_pre1913_no_core_companion
1073,1898-12-07,rule_pre1913_no_core_companion
1074,1898-12-07,rule_pre1913_no_core_companion
1075,1898-12-12,rule_pre1913_no_core_companion
1076,1898-12-18,rule_pre1913_no_core_companion
1077,1898-12-24,rule_pre1913_no_core_companion
1078,1898-12-25,rule_pre1913_no_core_companion
1079,1898-12-25,rule_pre1913_no_core_companion
1080,1898-12-30,rule_pre1913_no_core_companion
1081,1898-12-30,rule_pre1913_no_core_companion
1083,1899-01-15,rule_pre1913_no_core_companion
1084,1899-01-15,rule_pre1913_no_core_companion
1085,1899-02-14,rule_pre1913_no_core_companion
1087,1899-02-18,rule_pre1913_no_core_companion
1088,1899-02-26,rule_pre1913_no_core_companion
1089,1899-02-27,rule_pre1913_no_core_companion
1091,1899-03-12,rule_pre1913_no_core_companion
1092,1899-03-13,rule_pre1913_no_core_companion
1093,1899-03-19,rule_pre1913_no_core_companion
1095,1899-03-27,rule_pre1913_no_core_companion
1096,1899-04-13,rule_pre1913_no_core_companion
1097,1899-04-15,rule_pre1913_no_core_companion
1098,1899-04-15,rule_pre1913_no_core_companion
1099,1899-04-15,rule_pre1913_no_core_companion
1100,1899-04-29,rule_pre1913_no_core_companion
1101,1899-04-29,rule_pre1913_no_core_companion
1102,1899-04-29,rule_pre1913_no_core_companion
1103,1899-05-05,rule_pre1913_no_core_companion
1105,1899-05-13,rule_pre1913_no_core_companion
1106,1899-05-20,rule_pre1913_no_core_companion
1107,1899-05-25,rule_pre1913_no_core_companion
1108,1899-06-26,rule_pre1913_no_core_companion
1109,1899-07-06,rule_pre1913_no_core_companion
1111,1899-08-06,rule_pre1913_no_core_companion
1112,1899-08-14,rule_pre1913_no_core_companion
1113,1899-08-14,rule_pre1913_no_core_companion
1114,1899-08-20,rule_pre1913_no_core_companion
1115,1899-09-08,rule_pre1913_no_core_companion
1116,1899-09-18,rule_pre1913_no_core_companion
1118,1899-10-06,rule_pre1913_no_core_companion
1119,1899-10-08,rule_pre1913_no_core_companion
1120,1899-11-02,rule_pre1913_no_core_companion
1121,1899-11-02,rule_pre1913_no_core_companion
1122,1899-11-03,rule_pre1913_no_core_companion
1123,1899-11-12,rule_pre1913_no_core_companion
1124,1899-11-13,rule_pre1913_no_core_companion
1125,1899-11-19,rule_pre1913_no_core_companion
1126,1899-11-19,rule_pre1913_no_core_companion
1127,1899-11-27,rule_pre1913_no_core_companion
1128,1899-11-29,rule_pre1913_no_core_companion
1129,1899-12-12,rule_pre1913_no_core_companion
1130,1899-12-12,rule_pre1913_no_core_companion
1131,1899-12-23,rule_pre1913_no_core_companion
1132,1899-12-23,rule_pre1913_no_core_companion
1133,1899-12-27,rule_pre1913_no_core_companion
1134,1899-12-28,rule_pre1913_no_core_companion
1135,1900-01-05,rule_pre1913_no_core_companion
1136,1900-01-05,rule_pre1913_no_core_companion
1137,1900-01-16,rule_pre1913_no_core_companion
1138,1900-01-18,rule_pre1913_no_core_companion
1139,1900-01-18,rule_pre1913_no_core_companion
1140,1900-01-22,rule_pre1913_no_core_companion
1141,1900-01-22,rule_pre1913_no_core_companion
1142,1900-01-22,rule_pre1913_no_core_companion
1143,1900-02-10,rule_pre1913_no_core_companion
1144,1900-02-10,rule_pre1913_no_core_companion
1145,1900-02-13,rule_pre1913_no_core_companion
1146,1900-02-16,rule_pre1913_no_core_companion
1147,1900-02-16,rule_pre1913_no_core_companion
1149,1900-02-24,rule_pre1913_no_core_companion
1150,1900-03-06,rule_pre1913_no_core_companion
1151,1900-03-09,rule_pre1913_no_core_companion
1152,1900-03-11,rule_pre1913_no_core_companion
1153,1900-03-13,rule_pre1913_no_core_companion
1154,1900-03-13,rule_pre1913_no_core_companion
1155,1900-03-16,rule_pre1913_no_core_companion
1156,1900-03-26,rule_pre1913_no_core_companion
1157,1900-03-31,rule_pre1913_no_core_companion
1158,1900-04-02,rule_pre1913_no_core_companion
1159,1900-04-15,rule_pre1913_no_core_companion
1160,1900-04-16,rule_pre1913_no_core_companion
1161,1900-04-19,rule_pre1913_no_core_companion
1162,1900-04-19,rule_pre1913_no_core_companion
1163,1900-04-27,rule_pre1913_no_core_companion
1164,1900-04-29,rule_pre1913_no_core_companion
1165,1900-05-07,rule_pre1913_no_core_companion
1166,1900-05-07,rule_pre1913_no_core_companion
1167,1900-05-08,rule_pre1913_no_core_companion
1168,1900-05-15,rule_pre1913_no_core_companion
1169,1900-05-18,rule_pre1913_no_core_companion
1170,1900-06-08,rule_pre1913_no_core_companion
1171,1900-06-09,rule_pre1913_no_core_companion
1172,1900-06-16,rule_pre1913_no_core_companion
1173,1900-07-02,rule_pre1913_no_core_companion
1174,1900-07-02,rule_pre1913_no_core_companion
1175,1900-07-12,rule_pre1913_no_core_companion
1176,1900-07-15,rule_pre1913_no_core_companion
1177,1900-07-23,rule_pre1913_no_core_companion
1178,1900-08-01,rule_pre1913_no_core_companion
1179,1900-08-27,rule_pre1913_no_core_companion
1180,1900-09-08,rule_pre1913_no_core_companion
1181,1900-09-10,rule_pre1913_no_core_companion
1182,1900-10-13,rule_pre1913_no_core_companion
1183,1900-10-20,rule_pre1913_no_core_companion
1184,1900-10-26,rule_pre1913_no_core_companion
1185,1900-11-02,rule_pre1913_no_core_companion
1186,1900-11-27,rule_pre1913_no_core_companion
1187,1900-12-25,rule_pre1913_no_core_companion
1188,1900-12-31,rule_pre1913_no_core_companion
1189,1901-03-03,rule_pre1913_no_core_companion
1190,1901-03-08,rule_pre1913_no_core_companion
1191,1901-03-08,rule_pre1913_no_core_companion
1192,1901-03-11,rule_pre1913_no_core_companion
1193,1901-03-12,rule_pre1913_no_core_companion
1194,1901-04-22,rule_pre1913_no_core_companion
1195,1901-05-18,rule_pre1913_no_core_companion
1196,1901-05-25,rule_pre1913_no_core_companion
1197,1901-06-06,rule_pre1913_no_core_companion
1198,1901-06-06,rule_pre1913_no_core_companion
1199,1901-06-15,rule_pre1913_no_core_companion
1200,1901-06-25,rule_pre1913_no_core_companion
1201,1901-07-01,rule_pre1913_no_core_companion
1202,1901-07-14,rule_pre1913_no_core_companion
1203,1901-07-15,rule_pre1913_no_core_companion
1204,1901-07-23,rule_pre1913_no_core_companion
1205,1901-08-04,rule_pre1913_no_core_companion
1206,1901-08-04,rule_pre1913_no_core_companion
1207,1901-10-14,rule_pre1913_no_core_companion
1210,1901-11-09,rule_pre1913_no_core_companion
1211,1901-11-11,rule_pre1913_no_core_companion
1212,1901-12-04,rule_pre1913_no_core_companion
1213,1901-12-04,rule_pre1913_no_core_companion
1214,1901-12-19,rule_pre1913_no_core_companion
1216,1902-02-22,rule_pre1913_no_core_companion
1217,1902-02-24,rule_pre1913_no_core_companion
1218,1902-03-01,rule_pre1913_no_core_companion
1219,1902-03-22,rule_pre1913_no_core_companion
1220,1902-03-23,rule_pre1913_no_core_companion
1221,1902-03-27,rule_pre1913_no_core_companion
1222,1902-04-11,rule_pre1913_no_core_companion
1223,1902-04-14,rule_pre1913_no_core_companion
1224,1902-04-23,rule_pre1913_no_core_companion
1226,1902-05-09,rule_pre1913_no_core_companion
1227,1902-05-09,rule_pre1913_no_core_companion
1228,1902-05-12,rule_pre1913_no_core_companion
1229,1902-05-12,rule_pre1913_no_core_companion
1230,1902-06-02,rule_pre1913_no_core_companion
1231,1902-06-07,rule_pre1913_no_core_companion
1232,1902-06-07,rule_pre1913_no_core_companion
1233,1902-06-08,rule_pre1913_no_core_companion
1234,1902-06-13,rule_pre1913_no_core_companion
1235,1902-06-13,rule_pre1913_no_core_companion
1236,1902-06-16,rule_pre1913_no_core_companion
1239,1902-06-27,rule_pre1913_no_core_companion
1240,1902-06-27,rule_pre1913_no_core_companion
1241,1902-07-02,rule_pre1913_no_core_companion
1242,1902-07-09,rule_pre1913_no_core_companion
1243,1902-08-17,rule_pre1913_no_core_companion
1244,1902-08-18,rule_pre1913_no_core_companion
1245,1902-08-24,rule_pre1913_no_core_companion
1246,1902-08-31,rule_pre1913_no_core_companion
1247,1902-08-31,rule_pre1913_no_core_companion
1248,1902-08-31,rule_pre1913_no_core_companion
1249,1902-09-04,rule_pre1913_no_core_companion
1250,1902-09-17,rule_pre1913_no_core_companion
1251,1902-09-17,rule_pre1913_no_core_companion
1252,1902-09-19,rule_pre1913_no_core_companion
1253,1902-09-19,rule_pre1913_no_core_companion
1254,1902-10-03,rule_pre1913_no_core_companion
1255,1902-10-06,rule_pre1913_no_core_companion
1256,1902-10-06,rule_pre1913_no_core_companion
1257,1902-10-06,rule_pre1913_no_core_companion
1258,1902-10-10,rule_pre1913_no_core_companion
1259,1902-10-10,rule_pre1913_no_core_companion
1260,1902-10-10,rule_pre1913_no_core_companion
1261,1902-10-15,rule_pre1913_no_core_companion
1263,1902-11-07,rule_pre1913_no_core_companion
1264,1902-11-07,rule_pre1913_no_core_companion
1265,1902-11-12,rule_pre1913_no_core_companion
1266,1902-11-12,rule_pre1913_no_core_companion
1267,1902-11-19,rule_pre1913_no_core_companion
1270,1902-12-03,rule_pre1913_no_core_companion
1271,1902-12-03,rule_pre1913_no_core_companion
1272,1902-12-06,rule_pre1913_no_core_companion
1273,1902-12-06,rule_pre1913_no_core_companion
1274,1902-12-06,rule_pre1913_no_core_companion
1275,1902-12-09,rule_pre1913_no_core_companion
1276,1902-12-09,rule_pre1913_no_core_companion
1277,1902-12-09,rule_pre1913_no_core_companion
1278,1902-12-09,rule_pre1913_no_core_companion
1279,1902-12-11,rule_pre1913_no_core_companion
1280,1902-12-11,rule_pre1913_no_core_companion
1281,1902-12-15,rule_pre1913_no_core_companion
1282,1902-12-15,rule_pre1913_no_core_companion
1288,1902-12-30,rule_pre1913_no_core_companion
1292,1903-01-06,rule_pre1913_no_core_companion
1293,1903-01-06,rule_pre1913_no_core_companion
1295,1903-01-07,rule_pre1913_no_core_companion
1296,1903-01-07,rule_pre1913_no_core_companion
1297,1903-01-07,rule_pre1913_no_core_companion
1299,1903-01-08,rule_pre1913_no_core_companion
1301,1903-01-13,rule_pre1913_no_core_companion
1302,1903-01-15,rule_pre1913_no_core_companion
1303,1903-01-20,rule_pre1913_no_core_companion
1304,1903-01-20,rule_pre1913_no_core_companion
1305,1903-01-20,rule_pre1913_no_core_companion
1306,1903-01-25,rule_pre1913_no_core_companion
1307,1903-02-02,rule_pre1913_no_core_companion
1308,1903-02-06,rule_pre1913_no_core_companion
1310,1903-02-18,rule_pre1913_no_core_companion
1312,1903-03-08,rule_pre1913_no_core_companion
1313,1903-03-09,rule_pre1913_no_core_companion
1314,1903-03-13,rule_pre1913_no_core_companion
1315,1903-03-17,rule_pre1913_no_core_companion
1316,1903-03-23,rule_pre1913_no_core_companion
1317,1903-03-23,rule_pre1913_no_core_companion
1318,1903-04-04,rule_pre1913_no_core_companion
1319,1903-04-04,rule_pre1913_no_core_companion
1320,1903-04-04,rule_pre1913_no_core_companion
1322,1903-04-08,rule_pre1913_no_core_companion
1323,1903-04-12,rule_pre1913_no_core_companion
1324,1903-04-23,rule_pre1913_no_core_companion
1325,1903-04-23,rule_pre1913_no_core_companion
1326,1903-04-23,rule_pre1913_no_core_companion
1327,1903-04-26,rule_pre1913_no_core_companion
1328,1903-04-29,rule_pre1913_no_core_companion
1329,1903-04-29,rule_pre1913_no_core_companion
1330,1903-05-08,rule_pre1913_no_core_companion
1331,1903-05-09,rule_pre1913_no_core_companion
1332,1903-05-09,rule_pre1913_no_core_companion
1333,1903-05-11,rule_pre1913_no_core_companion
1334,1903-05-15,rule_pre1913_no_core_companion
1335,1903-05-16,rule_pre1913_no_core_companion
1336,1903-05-16,rule_pre1913_no_core_companion
1337,1903-05-24,rule_pre1913_no_core_companion
1338,1903-05-24,rule_pre1913_no_core_companion
1339,1903-05-24,rule_pre1913_no_core_companion
1340,1903-05-26,rule_pre1913_no_core_companion
1342,1903-05-29,rule_pre1913_no_core_companion
1343,1903-06-01,rule_pre1913_no_core_companion
1344,1903-06-01,rule_pre1913_no_core_companion
1345,1903-06-05,rule_pre1913_no_core_companion
1346,1903-06-13,rule_pre1913_no_core_companion
1347,1903-06-13,rule_pre1913_no_core_companion
1348,1903-06-20,rule_pre1913_no_core_companion
1349,1903-06-20,rule_pre1913_no_core_companion
1350,1903-06-20,rule_pre1913_no_core_companion
1351,1903-06-28,rule_pre1913_no_core_companion
1352,1903-06-29,rule_pre1913_no_core_companion
1353,1903-06-30,rule_pre1913_no_core_companion
1354,1903-06-30,rule_pre1913_no_core_companion
1355,1903-07-02,rule_pre1913_no_core_companion
1356,1903-07-02,rule_pre1913_no_core_companion
1357,1903-07-02,rule_pre1913_no_core_companion
1358,1903-07-02,rule_pre1913_no_core_companion
1359,1903-07-09,rule_pre1913_no_core_companion
1360,1903-07-09,rule_pre1913_no_core_companion
1361,1903-07-09,rule_pre1913_no_core_companion
1362,1903-07-12,rule_pre1913_no_core_companion
1363,1903-07-31,rule_pre1913_no_core_companion
1366,1903-08-11,rule_pre1913_no_core_companion
1367,1903-08-11,rule_pre1913_no_core_companion
1368,1903-08-17,rule_pre1913_no_core_companion
1369,1903-08-22,rule_pre1913_no_core_companion
1370,1903-08-22,rule_pre1913_no_core_companion
1371,1903-08-22,rule_pre1913_no_core_companion
1372,1903-08-30,rule_pre1913_no_core_companion
1373,1903-09-11,rule_pre1913_no_core_companion
1374,1903-09-11,rule_pre1913_no_core_companion
1376,1903-09-12,rule_pre1913_no_core_companion
1377,1903-09-16,rule_pre1913_no_core_companion
1379,1903-09-25,rule_pre1913_no_core_companion
1380,1903-09-26,rule_pre1913_no_core_companion
1381,1903-09-26,rule_pre1913_no_core_companion
1382,1903-09-30,rule_pre1913_no_core_companion
1383,1903-09-30,rule_pre1913_no_core_companion
1384,1903-10-03,rule_pre1913_no_core_companion
1385,1903-10-03,rule_pre1913_no_core_companion
1386,1903-10-31,rule_pre1913_no_core_companion
1387,1903-11-04,rule_pre1913_no_core_companion
1388,1903-11-04,rule_pre1913_no_core_companion
1389,1903-11-05,rule_pre1913_no_core_companion
1390,1903-11-07,rule_pre1913_no_core_companion
1391,1903-11-07,rule_pre1913_no_core_companion
1392,1903-11-10,rule_pre1913_no_core_companion
1393,1903-11-10,rule_pre1913_no_core_companion
1394,1903-11-21,rule_pre1913_no_core_companion
1396,1903-11-23,rule_pre1913_no_core_companion
1397,1903-11-24,rule_pre1913_no_core_companion
1398,1903-11-24,rule_pre1913_no_core_companion
1399,1903-11-24,rule_pre1913_no_core_companion
1405,1903-11-30,rule_pre1913_no_core_companion
1406,1903-12-07,rule_pre1913_no_core_companion
1407,1903-12-07,rule_pre1913_no_core_companion
1408,1903-12-12,rule_pre1913_no_core_companion
1409,1903-12-15,rule_pre1913_no_core_companion
1410,1903-12-18,rule_pre1913_no_core_companion
1411,1903-12-27,rule_pre1913_no_core_companion
1412,1903-12-31,rule_pre1913_no_core_companion
1413,1904-01-03,rule_pre1913_no_core_companion
1414,1904-01-05,rule_pre1913_no_core_companion
1415,1904-01-08,rule_pre1913_no_core_companion
1416,1904-01-08,rule_pre1913_no_core_companion
1417,1904-01-08,rule_pre1913_no_core_companion
1418,1904-01-08,rule_pre1913_no_core_companion
1419,1904-01-12,rule_pre1913_no_core_companion
1420,1904-01-18,rule_pre1913_no_core_companion
1421,1904-01-21,rule_pre1913_no_core_companion
1423,1904-02-13,rule_pre1913_no_core_companion
1424,1904-03-13,rule_pre1913_no_core_companion
1425,1904-03-24,rule_pre1913_no_core_companion
1426,1904-04-15,rule_pre1913_no_core_companion
1427,1904-04-15,rule_pre1913_no_core_companion
1428,1904-04-18,rule_pre1913_no_core_companion
1429,1904-04-20,rule_pre1913_no_core_companion
1432,1904-05-07,rule_pre1913_no_core_companion
1433,1904-05-09,rule_pre1913_no_core_companion
1434,1904-05-09,rule_pre1913_no_core_companion
1435,1904-05-16,rule_pre1913_no_core_companion
1439,1904-07-19,rule_pre1913_no_core_companion
1454,1904-11-28,rule_pre1913_no_core_companion
1455,1904-11-28,rule_pre1913_no_core_companion
1462,1905-01-26,rule_pre1913_no_core_companion
1467,1905-02-28,rule_pre1913_no_core_companion
1482,1905-04-23,rule_pre1913_no_core_companion
1597,1905-11-18,rule_pre1913_no_core_companion
1639,1906-01-31,rule_pre1913_no_core_companion
1645,1906-02-12,rule_pre1913_no_core_companion
1646,1906-02-12,rule_pre1913_no_core_companion
1647,1906-02-12,rule_pre1913_no_core_companion
1648,1906-02-12,rule_pre1913_no_core_companion
1763,1906-08-02,rule_pre1913_no_core_companion
1764,1906-08-02,rule_pre1913_no_core_companion
2359,1907-03-24,rule_pre1913_no_core_companion
3156,1908-01-14,rule_pre1913_no_core_companion
6260,1909-09-16,rule_pre1913_no_core_companion
6465,1909-10-12,rule_pre1913_no_core_companion
6518,1909-10-19,rule_pre1913_no_core_companion
6519,1909-10-19,rule_pre1913_no_core_companion
6527,1909-10-20,rule_pre1913_no_core_companion
7128,1910-01-18,rule_pre1913_no_core_companion
7475,1910-03-07,rule_pre1913_no_core_companion
7725,1910-04-10,rule_pre1913_no_core_companion
7772,1910-04-15,rule_pre1913_no_core_companion
7846,1910-04-25,rule_pre1913_no_core_companion
8081,1910-05-26,rule_pre1913_no_core_companion
8530,1910-07-21,rule_pre1913_no_core_companion
8598,1910-08-03,rule_pre1913_no_core_companion
8599,1910-08-03,rule_pre1913_no_core_companion
8610,1910-08-06,rule_pre1913_no_core_companion
8611,1910-08-06,rule_pre1913_no_core_companion
8612,1910-08-06,rule_pre1913_no_core_companion
8647,1910-08-12,rule_pre1913_no_core_companion
8648,1910-08-12,rule_pre1913_no_core_companion
8854,1910-09-17,rule_pre1913_no_core_companion
9248,1910-11-01,rule_pre1913_no_core_companion
9498,1910-11-23,rule_pre1913_no_core_companion
9694,1910-12-10,rule_pre1913_no_core_companion
10144,1911-01-19,rule_pre1913_no_core_companion
10475,1911-03-14,rule_pre1913_no_core_companion
10512,1911-03-22,rule_pre1913_no_core_companion
10584,1911-04-07,rule_pre1913_no_core_companion
10603,1911-04-10,rule_pre1913_no_core_companion
10612,1911-04-11,rule_pre1913_no_core_companion
10646,1911-04-18,rule_pre1913_no_core_companion
11440,1911-10-17,rule_pre1913_no_core_companion
11901,1912-04-28,rule_pre1913_no_core_companion
26955,1928-01-16,manual_exclude
32404,1940-03-14,manual_exclude
