string,lv1,lv2,dict_action,domain_tag
債票案,concept,political_event,merge,foreign_affair
德發債票案,concept,political_event,merge,foreign_affair
中國憲法,document,constitution,merge,
中國憲法大綱,document,constitution,merge,draft
中國新憲法,document,constitution,merge,
中央憲法,document,constitution,merge,
中華憲法,document,constitution,merge,
中華民國憲法,document,constitution,merge,
中華民國憲法案,document,constitution,merge,draft
中華民國憲法草案,document,constitution,merge,draft
中華民國新憲法,document,constitution,merge,
但澤憲法,document,constitution,merge,
剛性憲法,document,constitution,merge,
柔性憲法,document,constitution,merge,
北京憲法,document,constitution,merge,local_governance
南愛憲法,document,constitution,merge,
印度憲法,document,constitution,merge,foreign_affair
印度憲法案,document,constitution,merge,draft;foreign_affair
印度憲法草案,document,constitution,merge,draft;foreign_affair
印度新憲法,document,constitution,merge,foreign_affair
古巴憲法,document,constitution,merge,foreign_affair
史丹林憲法,document,constitution,merge,
史達林憲法,document,constitution,merge,
合衆國憲法,document,constitution,merge,foreign_affair
國際聯盟憲法,document,constitution,merge,foreign_affair
地方憲法,document,constitution,merge,local_governance
埃及憲法,document,constitution,merge,
墨國憲法,document,constitution,merge,
墨西哥憲法,document,constitution,merge,
天壇憲法,document,constitution,merge,
天壇憲法草案,document,constitution,merge,draft
天壇草案,document,constitution,merge,draft
奥國憲法,document,constitution,merge,
奥國新憲法,document,constitution,merge,
奧國憲法,document,constitution,merge,
德國憲法,document,constitution,merge,foreign_affair
德國新憲法,document,constitution,merge,foreign_affair
意國憲法,document,constitution,merge,
意大利憲法,document,constitution,merge,
愛爾蘭憲法,document,constitution,merge,foreign_affair
愛爾蘭自由邦憲法,document,constitution,merge,foreign_affair
憲政大綱,document,constitution,merge,draft
憲法,document,constitution,merge,
憲法修正草案,document,constitution,merge,draft
憲法内閣,document,constitution,merge,
憲法初稿草案,document,constitution,merge,draft
憲法協議會,document,constitution,merge,
憲法大綱,document,constitution,merge,draft
憲法大臣,document,constitution,merge,
憲法審議會,document,constitution,merge,
憲法案,document,constitution,merge,
憲法白色草案,document,constitution,merge,draft
憲法籌備處,document,constitution,merge,
憲法草案,document,constitution,merge,draft
憲法討論會,document,constitution,merge,
憲法起草委員,document,constitution,merge,
憲草修正案草案,document,constitution,merge,draft
捷克憲法,document,constitution,merge,foreign_affair
捷克斯拉夫憲法,document,constitution,merge,foreign_affair
斯拉夫憲法,document,constitution,merge,foreign_affair
斯達林憲法,document,constitution,merge,
新憲法草案,document,constitution,merge,draft
普國憲法,document,constitution,merge,foreign_affair
普魯士憲法,document,constitution,merge,foreign_affair
曹錕憲法,document,constitution,merge,
歐洲憲法,document,constitution,merge,foreign_affair
歐美憲法,document,constitution,merge,foreign_affair
比利時憲法,document,constitution,merge,foreign_affair
民六憲法,document,constitution,merge,
民國憲法,document,constitution,merge,
民國憲法案,document,constitution,merge,draft
民國憲法草案,document,constitution,merge,draft
法國憲法,document,constitution,merge,foreign_affair
法國新憲法,document,constitution,merge,foreign_affair
波恩憲法,document,constitution,merge,foreign_affair
波蘭憲法,document,constitution,merge,foreign_affair
波蘭新憲法,document,constitution,merge,foreign_affair
瑞士憲法,document,constitution,merge,foreign_affair
租界憲法,document,constitution,merge,
立院憲法,document,constitution,merge,
第二憲法,document,constitution,merge,
美利堅憲法,document,constitution,merge,foreign_affair
美國聯邦憲法,document,constitution,merge,foreign_affair
聯盟憲法,document,constitution,merge,foreign_affair
聯邦憲法,document,constitution,merge,foreign_affair
臨時憲法,document,constitution,merge,
芬蘭憲法,document,constitution,merge,foreign_affair
英國憲法,document,constitution,merge,foreign_affair
荷蘭憲法,document,constitution,merge,foreign_affair
菲列濱憲法,document,constitution,merge,foreign_affair
菲島憲法,document,constitution,merge,foreign_affair
菲律濱憲法,document,constitution,merge,foreign_affair
菲律賓憲法,document,constitution,merge,foreign_affair
蘇俄憲法,document,constitution,merge,foreign_affair
蘇俄新憲法,document,constitution,merge,foreign_affair
蘇聯憲法,document,constitution,merge,foreign_affair
蘇聯憲法草案,document,constitution,merge,draft;foreign_affair
蘇聯新憲法,document,constitution,merge,foreign_affair
蘇聯新憲法草案,document,constitution,merge,draft;foreign_affair
西德憲法,document,constitution,merge,foreign_affair
西班牙憲法,document,constitution,merge,foreign_affair
西班牙新憲法,document,constitution,merge,foreign_affair
赤塔憲法,document,constitution,merge,foreign_affair
赤塔憲法議會,document,constitution,merge,
遠東共和國憲法,document,constitution,merge,foreign_affair
韋瑪憲法,document,constitution,merge,foreign_affair
韋馬憲法,document,constitution,merge,foreign_affair
魏馬憲法,document,constitution,merge,foreign_affair
五五憲草,document,constitution,merge,draft
政協憲草,document,constitution,merge,draft
日本帝國憲法,document,constitution,merge,foreign_affair
日本憲法,document,constitution,merge,foreign_affair
日本新憲法,document,constitution,merge,foreign_affair
現有憲法,document,constitution,merge,
現行憲法,document,constitution,merge,
自由市憲法,document,constitution,merge,foreign_affair
自由邦憲法,document,constitution,merge,foreign_affair
政治協商會議憲法草案,document,constitution,merge,draft
日本憲法草案,document,constitution,merge,draft;foreign_affair
自由邦憲法草案,document,constitution,merge,draft;foreign_affair
省憲法草案,document,constitution,merge,draft;local_governance
省憲草案,document,constitution,merge,draft;local_governance
人民憲法會議組織法,document,law,merge,
代表選舉法,document,law,merge,election
刑事訴訟法,document,law,merge,
刑律草案,document,law,merge,draft
勞工法案,document,law,merge,draft
印度政府法案,document,law,merge,draft;foreign_affair
參議院組織法,document,law,merge,
參議院議員選舉法,document,law,merge,election
國大組織法,document,law,merge,
國府組織法,document,law,merge,
國會組織法,document,law,merge,
國會組織法選舉法,document,law,merge,election
國會選舉法,document,law,merge,election
國民大會代表選舉法,document,law,merge,election
國民大會組織法,document,law,merge,
國民政府組織法,document,law,merge,
國民會議組織法,document,law,merge,
大總統選舉法,document,law,merge,election
官制大綱,document,law,merge,draft
政府組織法,document,law,merge,
新刑律草案,document,law,merge,draft
普通選舉法,document,law,merge,election
機關組織法,document,law,merge,
民事訴訟法,document,law,merge,
民刑訴訟法,document,law,merge,
治安警察法,document,law,merge,
法政學堂章程,document,law,merge,
法院組織法,document,law,merge,
法院編制法,document,law,merge,
立法院組織法,document,law,merge,
縣議會議員選舉法,document,law,merge,local_governance;election
大總統法,document,law,merge,
總統選舉法,document,law,merge,election
罷免法,document,law,merge,
罷免法草案,document,law,merge,draft
自治大綱,document,law,merge,draft
自治法,document,law,merge,
自治法案,document,law,merge,draft
衆議院議員選舉法,document,law,merge,election
行政大綱,document,law,merge,draft
行政院組織法,document,law,merge,
訴訟法,document,law,merge,
警察法,document,law,merge,
議員選舉法,document,law,merge,election
議院選舉法,document,law,merge,election
貴胄法政學堂章程,document,law,merge,
選舉法,document,law,merge,election
選舉罷免法,document,law,merge,election
法國政治,document,law,merge,foreign_affair
選舉法草案,document,law,merge,draft;election
選舉罷免法草案,document,law,merge,draft;election
選舉總統法,document,law,merge,election
基本大法,document,law,merge,
大經大法,document,law,merge,
法律大臣,document,law,merge,
行政審判法,document,law,merge,
自治法會議組織法,document,law,merge,
自治法會議代表選舉法,document,law,merge,election
省制大綱,document,law,merge,draft;local_governance
省憲會議組織法,document,law,merge,local_governance
省憲法會議組織法,document,law,merge,local_governance
省憲法會議組織法草案,document,law,merge,draft;local_governance
省會選舉法,document,law,merge,local_governance;election
省自治法,document,law,merge,local_governance
省自治法會議組織法,document,law,merge,local_governance
省議員選舉法,document,law,merge,local_governance;election
省議會法,document,law,merge,local_governance
省議會組織法,document,law,merge,local_governance
省議會議員選舉法,document,law,merge,local_governance;election
省議會選舉法,document,law,merge,local_governance;election
省長選舉法,document,law,merge,local_governance;election
省自治法會議代表選舉法,document,law,merge,local_governance;election
内閣官制草案,document,policy,merge,draft
制度大綱,document,policy,merge,draft
制度草案,document,policy,merge,draft
地方制度大綱,document,policy,merge,draft;local_governance
地方制度草案,document,policy,merge,draft;local_governance
官制草案,document,policy,merge,draft
地方制度案,document,policy,merge,draft;local_governance
敎育專章案,document,policy,merge,draft
財政金融改革案,document,policy,merge,draft
金融改革案,document,policy,merge,draft
政治改革案,document,policy,merge,draft
憲法委員會大綱,document,proposal,merge,draft
選舉法案,document,proposal,merge,draft;election
中華民國訓政時期約法,document,provision,merge,
元年約法,document,provision,merge,
南京約法,document,provision,merge,
國會約法,document,provision,merge,
民國約法,document,provision,merge,
臨時約法,document,provision,merge,
現行約法,document,provision,merge,
互選規則,document,rule,merge,
京師地方自治章程,document,rule,merge,local_governance
任用章程,document,rule,merge,
單行章程,document,rule,merge,
單行章程規則,document,rule,merge,
國家稅章程,document,rule,merge,
地方稅章程,document,rule,merge,local_governance
地方自治章程,document,rule,merge,local_governance
城鎭鄉地方自治章程,document,rule,merge,local_governance
外官章程,document,rule,merge,
學堂章程,document,rule,merge,
學塾章程,document,rule,merge,
學官章程,document,rule,merge,
官俸章程,document,rule,merge,
官制章程,document,rule,merge,
專科章程,document,rule,merge,
屬官任用章程,document,rule,merge,
廷試章程,document,rule,merge,
憲政編查館章程,document,rule,merge,
憲法起草委員互選規則,document,rule,merge,
户口章程,document,rule,merge,
文官考試章程,document,rule,merge,
游學畢業生廷試章程,document,rule,merge,
研究所章程,document,rule,merge,
編查館章程,document,rule,merge,
州縣地方自治章程,document,rule,merge,local_governance
府廳州縣地方自治章程,document,rule,merge,local_governance
考核專科章程,document,rule,merge,
考核章程,document,rule,merge,
考試任用章程,document,rule,merge,
考試章程,document,rule,merge,
自治規則,document,rule,merge,
衆議院規則,document,rule,merge,
訴訟章程,document,rule,merge,
試辦章程,document,rule,merge,
調查局章程,document,rule,merge,
諮議局章程,document,rule,merge,
諮議局議員選舉章程,document,rule,merge,election
諮議局選舉章程,document,rule,merge,election
識字學塾章程,document,rule,merge,
警察章程,document,rule,merge,
議事規則,document,rule,merge,
議員章程,document,rule,merge,
議員選舉章程,document,rule,merge,election
財政章程,document,rule,merge,
資政院章程,document,rule,merge,
資政院議員章程,document,rule,merge,
通行章程,document,rule,merge,
選舉章程,document,rule,merge,election
選舉規則,document,rule,merge,election
選舉規程,document,rule,merge,election
欽定章程,document,rule,merge,
詳細章程,document,rule,merge,
自治局章程,document,rule,merge,
自治研究所章程,document,rule,merge,
自治章程,document,rule,merge,
自治選舉章程,document,rule,merge,election
省諮議局章程,document,rule,merge,local_governance
巡警道屬官任用章程,document,rule,merge,
中國之命運,document,treatise,merge,
建國方略,document,treatise,merge,
友好條約,document,treaty,merge,
和平條約,document,treaty,merge,
國際條約,document,treaty,merge,foreign_affair
外交條約,document,treaty,merge,foreign_affair
平等條約,document,treaty,merge,
通商條約,document,treaty,merge,
非戰條約,document,treaty,merge,
鴉片條約,document,treaty,merge,
勒勃倫總統,figure,foreign_leader,merge,foreign_affair
威爾遜總統,figure,foreign_leader,merge,foreign_affair
杜魯門總統,figure,foreign_leader,merge,foreign_affair
羅斯福總統,figure,foreign_leader,merge,foreign_affair
興登堡總統,figure,foreign_leader,merge,foreign_affair
丁母憂,figure,person,merge,
憲法起草委員室,general_term,place,merge,
東三省,general_term,place,merge,local_governance
起草委員室,general_term,place,merge,
地方議會,organization,administrative_body,merge,local_governance
憲政籌備處,organization,administrative_body,merge,
憲政編查館,organization,administrative_body,merge,
政務處,organization,administrative_body,merge,
兩院,organization,administrative_body,merge,
參衆兩院,organization,administrative_body,merge,
省憲籌備處,organization,administrative_body,merge,local_governance
商學公會,organization,association,merge,
回敎徒公會,organization,association,merge,
國會請願同志會,organization,association,merge,
大同俱樂部,organization,association,merge,
安福俱樂部,organization,association,merge,
律師公會,organization,association,merge,
憲友俱樂部,organization,association,merge,
憲政俱樂部,organization,association,merge,
憲政公會,organization,association,merge,
八仙橋青年會,organization,association,merge,
八圑體,organization,association,merge,
同志會,organization,association,merge,
實業同志會,organization,association,merge,
民憲同志會,organization,association,merge,
省憲同志會,organization,association,merge,local_governance
請願同志會,organization,association,merge,
中央委員會,organization,committee,merge,
中央政治委員會,organization,committee,merge,
事務委員會,organization,committee,merge,
人民委員會,organization,committee,merge,
分組委員會,organization,committee,merge,
分類委員會,organization,committee,merge,
制憲委員會,organization,committee,merge,
北韓人民委員會,organization,committee,merge,foreign_affair
印度中央委員會,organization,committee,merge,foreign_affair
印度憲法委員會,organization,committee,merge,foreign_affair
司法委員會,organization,committee,merge,
善後委員會,organization,committee,merge,
國府委員會,organization,committee,merge,
國憲草議委員會,organization,committee,merge,
國憲起草委員會,organization,committee,merge,
國會委員會,organization,committee,merge,
國民制憲委員會,organization,committee,merge,
國民大會委員會,organization,committee,merge,
國民委員會,organization,committee,merge,
國民政府委員會,organization,committee,merge,
執行委員會,organization,committee,merge,
外交委員會,organization,committee,merge,foreign_affair
實施促進會,organization,committee,merge,
審査委員會,organization,committee,merge,
小組委員會,organization,committee,merge,
工作委員會,organization,committee,merge,
憲政促進會,organization,committee,merge,
憲政實施促進會,organization,committee,merge,
憲政實施委員會,organization,committee,merge,
憲政督導委員會,organization,committee,merge,
憲法委員會,organization,committee,merge,
憲法法規委員會,organization,committee,merge,
憲法草案委員會,organization,committee,merge,
憲法草案審查委員會,organization,committee,merge,
憲法草案審議委員會,organization,committee,merge,
憲法草案起草委員會,organization,committee,merge,
憲法起草委員會,organization,committee,merge,
憲草委員會,organization,committee,merge,
憲草審議委員會,organization,committee,merge,
西門調查團,organization,committee,merge,foreign_affair
政治委員會,organization,committee,merge,
新憲法起草委員會,organization,committee,merge,
民族委員會,organization,committee,merge,
法制委員會,organization,committee,merge,
法規委員會,organization,committee,merge,
特别委員會,organization,committee,merge,
理財委員會,organization,committee,merge,
督導委員會,organization,committee,merge,
經濟委員會,organization,committee,merge,
總商會委員會,organization,committee,merge,
考選委員會,organization,committee,merge,
臨時行政委員會,organization,committee,merge,
草憲委員會,organization,committee,merge,
草案委員會,organization,committee,merge,
草案審查委員會,organization,committee,merge,
草案審議委員會,organization,committee,merge,
草案起草委員會,organization,committee,merge,
草議委員會,organization,committee,merge,
行政委員會,organization,committee,merge,
裁兵委員會,organization,committee,merge,
西門憲法調查團,organization,committee,merge,foreign_affair
調查委員會,organization,committee,merge,
財政委員會,organization,committee,merge,
起草委員會,organization,committee,merge,
起草委員會議,organization,committee,merge,
軍事善後委員會,organization,committee,merge,military_admin
軍事委員會,organization,committee,merge,military_admin
預算委員會,organization,committee,merge,
顧問委員會,organization,committee,merge,
促進委員會,organization,committee,merge,
修正委員會,organization,committee,merge,
宣傳委員會,organization,committee,merge,
實施委員會,organization,committee,merge,
審查委員會,organization,committee,merge,
審議委員會,organization,committee,merge,
籌備委員會,organization,committee,merge,
請願委員會,organization,committee,merge,
省憲法起草委員會,organization,committee,merge,local_governance
省憲籌備委員會,organization,committee,merge,local_governance
省憲起草委員會,organization,committee,merge,local_governance
司法會議,organization,conference,merge,
國法會議,organization,conference,merge,
大法官會議,organization,conference,merge,
憲草審議會,organization,conference,merge,
立法院會議,organization,conference,merge,
軍法會議,organization,conference,merge,military_admin
自治法會議,organization,conference,merge,
省憲會議,organization,conference,merge,local_governance
省自治法會議,organization,conference,merge,local_governance
華盛頓會議,organization,conference,merge,foreign_affair
中央政治會議,organization,conference,merge,
中華民國憲法會議,organization,conference,merge,
人民憲法會議,organization,conference,merge,
人民會議,organization,conference,merge,
保定會議,organization,conference,merge,
倫敦六國會議,organization,conference,merge,foreign_affair
倫敦會議,organization,conference,merge,foreign_affair
元老會議,organization,conference,merge,
內閣會議,organization,conference,merge,
八圑體國是會議,organization,conference,merge,
公民大會,organization,conference,merge,
内閣會議,organization,conference,merge,
制憲會議,organization,conference,merge,
北韓人民會議,organization,conference,merge,foreign_affair
協商會議,organization,conference,merge,
南京會議,organization,conference,merge,
印度制憲會議,organization,conference,merge,foreign_affair
印度圓桌會議,organization,conference,merge,foreign_affair
參政會議,organization,conference,merge,
和平會議,organization,conference,merge,
商業會議,organization,conference,merge,
善後會議,organization,conference,merge,
國務會議,organization,conference,merge,
國是會議,organization,conference,merge,
國會會議,organization,conference,merge,
國民代表會議,organization,conference,merge,
國民制憲會議,organization,conference,merge,
國民憲法會議,organization,conference,merge,
國民救國會議,organization,conference,merge,
國民會議,organization,conference,merge,
國難會議,organization,conference,merge,
圓桌會議,organization,conference,merge,
地方制度會議,organization,conference,merge,local_governance
地方會議,organization,conference,merge,local_governance
外長會議,organization,conference,merge,
大臣會議,organization,conference,merge,
太平洋會議,organization,conference,merge,foreign_affair
小組會議,organization,conference,merge,
帝國會議,organization,conference,merge,
常務會議,organization,conference,merge,
平和會議,organization,conference,merge,
幹部會議,organization,conference,merge,
廬山會議,organization,conference,merge,
徐州會議,organization,conference,merge,
御前會議,organization,conference,merge,
憲政會議,organization,conference,merge,
憲政編查館會議,organization,conference,merge,
憲政館會議,organization,conference,merge,
憲法會議,organization,conference,merge,
憲法起草會議,organization,conference,merge,
攝政會議,organization,conference,merge,
政事堂會議,organization,conference,merge,
政務會議,organization,conference,merge,
政務處會議,organization,conference,merge,
政務處王大臣會議,organization,conference,merge,
政協會議,organization,conference,merge,
政團會議,organization,conference,merge,
政治協商會議,organization,conference,merge,
政治會議,organization,conference,merge,
救國會議,organization,conference,merge,
特別會議,organization,conference,merge,
特别會議,organization,conference,merge,
王大臣會議,organization,conference,merge,
皇族會議,organization,conference,merge,
秘密會議,organization,conference,merge,
約法會議,organization,conference,merge,
經濟會議,organization,conference,merge,
緊急會議,organization,conference,merge,
編查館會議,organization,conference,merge,
聨席會議,organization,conference,merge,
聯席會議,organization,conference,merge,
聯邦會議,organization,conference,merge,
臨時會議,organization,conference,merge,
舊憲法會議,organization,conference,merge,
華府會議,organization,conference,merge,foreign_affair
行政會議,organization,conference,merge,
財政會議,organization,conference,merge,
費拉德費亞會議,organization,conference,merge,foreign_affair
軍事會議,organization,conference,merge,military_admin
關稅會議,organization,conference,merge,
非常會議,organization,conference,merge,
預備會議,organization,conference,merge,
審查會議,organization,conference,merge,
審議會議,organization,conference,merge,
自治會議,organization,conference,merge,
省憲會議,organization,conference,merge,local_governance
省憲會議代表,organization,conference,merge,local_governance
省憲法會議,organization,conference,merge,local_governance
省民代表大會,organization,conference,merge,local_governance
省自治會議,organization,conference,merge,local_governance
俄羅斯社會主義聯邦蘇維埃共和國,organization,country,merge,foreign_affair
遠東共和國,organization,country,merge,foreign_affair
印尼共和國,organization,country,merge,foreign_affair
德意志共和國,organization,country,merge,foreign_affair
捷克共和國,organization,country,merge,foreign_affair
捷克斯拉夫共和國,organization,country,merge,foreign_affair
斯拉夫共和國,organization,country,merge,foreign_affair
法蘭西共和國,organization,country,merge,foreign_affair
波蘭共和國,organization,country,merge,foreign_affair
菲律賓共和國,organization,country,merge,foreign_affair
蒙古共和國,organization,country,merge,foreign_affair
俄羅斯聯邦,organization,country,merge,foreign_affair
德國聯邦,organization,country,merge,foreign_affair
德意志聯邦,organization,country,merge,foreign_affair
瑞士聯邦,organization,government,merge,foreign_affair
護法政府,organization,government,merge,
中國國民政府,organization,government,merge,
中國政府,organization,government,merge,
中央政府,organization,government,merge,
中華民國政府,organization,government,merge,
内閣國會,organization,government,merge,
勞農政府,organization,government,merge,
北京政府,organization,government,merge,
南京國民政府,organization,government,merge,
南京政府,organization,government,merge,
印度政府,organization,government,merge,foreign_affair
國會内閣,organization,government,merge,
國民政府,organization,government,merge,
地方政府,organization,government,merge,local_governance
埃及政府,organization,government,merge,foreign_affair
外國政府,organization,government,merge,foreign_affair
帝國政府,organization,government,merge,
廣州政府,organization,government,merge,
德國政府,organization,government,merge,foreign_affair
捷克政府,organization,government,merge,foreign_affair
政府組織大綱,organization,government,merge,draft
政府與黨,organization,government,merge,
民國政府,organization,government,merge,
法國政府,organization,government,merge,foreign_affair
波蘭政府,organization,government,merge,foreign_affair
滿洲政府,organization,government,merge,
滿清政府,organization,government,merge,
總統内閣,organization,government,merge,
美國政府,organization,government,merge,foreign_affair
聯邦政府,organization,government,merge,
臨時政府,organization,government,merge,
英國政府,organization,government,merge,foreign_affair
荷蘭政府,organization,government,merge,foreign_affair
莫斯科政府,organization,government,merge,foreign_affair
蘇俄政府,organization,government,merge,foreign_affair
蘇維埃政府,organization,government,merge,
蘇聯政府,organization,government,merge,foreign_affair
行政院會議,organization,government,merge,
袁政府,organization,government,merge,
西德政府,organization,government,merge,foreign_affair
西班牙政府,organization,government,merge,foreign_affair
赤塔政府,organization,government,merge,foreign_affair
遠東共和國政府,organization,government,merge,foreign_affair
法蘭西第四共和國,organization,government,merge,foreign_affair
第四共和國,organization,government,merge,foreign_affair
内閣政治,organization,government,merge,
內閣總理大臣,organization,government,merge,
内閣大臣,organization,government,merge,
内閣總協理大臣,organization,government,merge,
内閣總理大臣,organization,government,merge,
加藤内閣,organization,government,merge,
北京内閣,organization,government,merge,local_governance
吉田內閣,organization,government,merge,
單獨内閣,organization,government,merge,
大隈内閣,organization,government,merge,
官僚内閣,organization,government,merge,
寺内内閣,organization,government,merge,
山本内閣,organization,government,merge,
巴本内閣,organization,government,merge,
廣田內閣,organization,government,merge,
後繼內閣,organization,government,merge,
後繼内閣,organization,government,merge,
戰時內閣,organization,government,merge,
政友會内閣,organization,government,merge,
政黨內閣,organization,government,merge,
政黨内閣,organization,government,merge,
日本內閣,organization,government,merge,foreign_affair
日本内閣,organization,government,merge,foreign_affair
民政黨内閣,organization,government,merge,
淸浦內閣,organization,government,merge,
淸浦内閣,organization,government,merge,
清浦内閣,organization,government,merge,
特權内閣,organization,government,merge,
特權階級内閣,organization,government,merge,
田中内閣,organization,government,merge,
皇族内閣,organization,government,merge,
總理内閣,organization,government,merge,
聯立內閣,organization,government,merge,
聯立内閣,organization,government,merge,
臨時内閣,organization,government,merge,
舉國一致内閣,organization,government,merge,
若槻内閣,organization,government,merge,
英國內閣,organization,government,merge,foreign_affair
議院内閣,organization,government,merge,
責任內閣,organization,government,merge,
責任内閣,organization,government,merge,
超然内閣,organization,government,merge,
階級内閣,organization,government,merge,
齋藤内閣,organization,government,merge,
憲政會内閣,organization,government,merge,
日本政府,organization,government,merge,foreign_affair
現在政府,organization,government,merge,
自治政府,organization,government,merge,
中央議會,organization,parliament_assembly,merge,
中華民國國會,organization,parliament_assembly,merge,
中華民國國民大會,organization,parliament_assembly,merge,
人民代表大會,organization,parliament_assembly,merge,
人民大會,organization,parliament_assembly,merge,
人民議會,organization,parliament_assembly,merge,
俄國國會,organization,parliament_assembly,merge,foreign_affair
制憲大會,organization,parliament_assembly,merge,
北京國會,organization,parliament_assembly,merge,
印度國民大會,organization,parliament_assembly,merge,foreign_affair
國會總統,organization,parliament_assembly,merge,
國會請願,organization,parliament_assembly,merge,
國民代表大會,organization,parliament_assembly,merge,
國民大會代表,organization,parliament_assembly,merge,
國民議會,organization,parliament_assembly,merge,
安福國會,organization,parliament_assembly,merge,
帝國議會,organization,parliament_assembly,merge,
捷克國會,organization,parliament_assembly,merge,foreign_affair
普魯士議會,organization,parliament_assembly,merge,foreign_affair
波恩議會,organization,parliament_assembly,merge,foreign_affair
波蘭國會,organization,parliament_assembly,merge,foreign_affair
立法院大會,organization,parliament_assembly,merge,
美國國會,organization,parliament_assembly,merge,foreign_affair
聯合國蘇維埃大會,organization,parliament_assembly,merge,
聯邦國會,organization,parliament_assembly,merge,foreign_affair
聯邦議會,organization,parliament_assembly,merge,
臨時大會,organization,parliament_assembly,merge,
芬蘭國會,organization,parliament_assembly,merge,foreign_affair
英國國會,organization,parliament_assembly,merge,foreign_affair
英國議會,organization,parliament_assembly,merge,foreign_affair
蘇維埃代表大會,organization,parliament_assembly,merge,
蘇維埃大會,organization,parliament_assembly,merge,
蘇聯大會,organization,parliament_assembly,merge,foreign_affair
西班牙國會,organization,parliament_assembly,merge,foreign_affair
議會政治,organization,parliament_assembly,merge,
人民委會,organization,parliament_assembly,merge,
日本國會,organization,parliament_assembly,merge,foreign_affair
日本議會,organization,parliament_assembly,merge,foreign_affair
中國國民黨,organization,party,merge,
印度國民黨,organization,party,merge,foreign_affair
埃及國民黨,organization,party,merge,foreign_affair;party
國會代表,organization,representative_member,merge,
國會請願代表,organization,representative_member,merge,
憲法案研究會,organization,research_organization,merge,
憲法研究同志會,organization,research_organization,merge,
憲法研究會,organization,research_organization,merge,
憲草研究會,organization,research_organization,merge,
制憲研究會,organization,research_organization,merge,
問題研究會,organization,research_organization,merge,
國會研究所,organization,research_organization,merge,
國際問題研究會,organization,research_organization,merge,foreign_affair
地方自治研究所,organization,research_organization,merge,local_governance
地方自治研究會,organization,research_organization,merge,local_governance
憲政研究所,organization,research_organization,merge,
憲政研究會,organization,research_organization,merge,
憲法研究委員會,organization,research_organization,merge,
憲法研究所,organization,research_organization,merge,
自治研究所,organization,research_organization,merge,
自治研究會,organization,research_organization,merge,
憲法起草委員長,position,chair,merge,
臨時主席,position,chair,merge,
起草委員長,position,chair,merge,
憲政編查館王大臣,position,minister,merge,
政務處大臣,position,minister,merge,
政務處王大臣,position,minister,merge,
編查館王大臣,position,minister,merge,
資政院王大臣,position,minister,merge,
内務府大臣,position,minister,merge,
内田外務大臣,position,minister,merge,
北洋大臣,position,minister,merge,
協理大臣,position,minister,merge,
南洋大臣,position,minister,merge,
印度事務大臣,position,minister,merge,foreign_affair
商務大臣,position,minister,merge,
國務大臣,position,minister,merge,
外務大臣,position,minister,merge,
外務部大臣,position,minister,merge,
大藏大臣,position,minister,merge,
學務大臣,position,minister,merge,
官制大臣,position,minister,merge,
政務大臣,position,minister,merge,
海軍大臣,position,minister,merge,military_admin
王公大臣,position,minister,merge,
總協理大臣,position,minister,merge,
總理大臣,position,minister,merge,
考政大臣,position,minister,merge,
行政大臣,position,minister,merge,
財政大臣,position,minister,merge,
軍機大臣,position,minister,merge,military_admin
軍機處王大臣,position,minister,merge,military_admin
辦事大臣,position,minister,merge,
通商大臣,position,minister,merge,
鐵路大臣,position,minister,merge,
陸海軍大臣,position,minister,merge,military_admin
陸軍大臣,position,minister,merge,military_admin
顧問大臣,position,minister,merge,
鹽政大臣,position,minister,merge,
外交大臣,position,minister,merge,foreign_affair
憲政大臣,position,minister,merge,
憲政館王大臣,position,minister,merge,
日本憲政大臣,position,minister,merge,foreign_affair
自治領大臣,position,minister,merge,
官僚政治,position,official,merge,
山東巡撫,position,official,merge,local_governance;military_admin
山西巡撫,position,official,merge,local_governance;military_admin
廣西巡撫,position,official,merge,local_governance;military_admin
江蘇巡撫,position,official,merge,local_governance;military_admin
河南巡撫,position,official,merge,local_governance;military_admin
浙江巡撫,position,official,merge,local_governance;military_admin
湖南巡撫,position,official,merge,local_governance;military_admin
黑龍江巡撫,position,official,merge,local_governance;military_admin
中華民國大總統,position,president,merge,
中華民國總統,position,president,merge,
古巴總統,position,president,merge,
奎松總統,position,president,merge,
尼古拉總統,position,president,merge,
法國總統,position,president,merge,foreign_affair
波蘭總統,position,president,merge,
烏爾太總統,position,president,merge,
米勒蘭總統,position,president,merge,
終身總統,position,president,merge,
美國大總統,position,president,merge,foreign_affair
美國總統,position,president,merge,foreign_affair
臨時大總統,position,president,merge,
臨時總統,position,president,merge,
貝奈斯總統,position,president,merge,
人民代表,position,representative_member,merge,
制憲代表,position,representative_member,merge,
印度代表,position,representative_member,merge,foreign_affair
商會代表,position,representative_member,merge,
國大代表,position,representative_member,merge,
國民代表,position,representative_member,merge,
外交代表,position,representative_member,merge,foreign_affair
婦女代表,position,representative_member,merge,
政黨代表,position,representative_member,merge,
民意代表,position,representative_member,merge,
民選代表,position,representative_member,merge,
社會賢達代表,position,representative_member,merge,
職業代表,position,representative_member,merge,
職業團體代表,position,representative_member,merge,
英皇代表,position,representative_member,merge,
蘇維埃代表,position,representative_member,merge,
省區代表,position,representative_member,merge,local_governance
省憲代表,position,representative_member,merge,local_governance
省民代表,position,representative_member,merge,local_governance
省議會代表,position,representative_member,merge,local_governance
日本法規大全,document,law,merge,foreign_affair
萬國公法,document,treatise,merge,foreign_affair
民約論,document,treatise,merge,foreign_affair
孟德斯鳩,figure,person,merge,foreign_affair
